{
	"credit": "Made by pikachurro",
	"texture_size": [32, 32],
	"textures": {
		"1": "item/golden_pickaxe"
	},
	"elements": [
		{
			"from": [7.299, -0.101, -0.001],
			"to": [8.701, 1.101, 16.001],
			"rotation": {"angle": 0, "axis": "z", "origin": [8, 0.5, 8]},
			"faces": {
				"north": {"uv": [3.75, 5.5, 4.25, 6], "texture": "#1"},
				"east": {"uv": [2, 0, 10, 0.5], "texture": "#1"},
				"south": {"uv": [4.75, 5.5, 5.25, 6], "texture": "#1"},
				"west": {"uv": [2, 0.5, 10, 1], "texture": "#1"},
				"up": {"uv": [0.75, 8, 0.25, 0], "texture": "#1"},
				"down": {"uv": [1.75, 0, 1.25, 8], "texture": "#1"}
			}
		},
		{
			"from": [6.94607, -0.35, 1.67251],
			"to": [8.19607, 1.35, 4.17251],
			"rotation": {"angle": 45, "axis": "y", "origin": [7.50607, 0.5, 2.92251]},
			"faces": {
				"north": {"uv": [5.75, 2, 5, 2.85], "texture": "#1"},
				"east": {"uv": [5, 3, 3.5, 3.85], "texture": "#1"},
				"south": {"uv": [6, 3, 5.25, 3.85], "texture": "#1"},
				"west": {"uv": [5, 2, 3.5, 2.85], "texture": "#1"},
				"up": {"uv": [2, 5.5, 2.75, 4], "texture": "#1"},
				"down": {"uv": [3, 4, 3.75, 5.5], "texture": "#1"}
			}
		},
		{
			"from": [8.19607, -0.35, 1.67251],
			"to": [9.44607, 1.35, 4.17251],
			"rotation": {"angle": 45, "axis": "y", "origin": [7.50607, 0.5, 2.92251]},
			"faces": {
				"north": {"uv": [5, 2, 5.75, 2.85], "texture": "#1"},
				"east": {"uv": [3.5, 2, 5, 2.85], "texture": "#1"},
				"south": {"uv": [5.25, 3, 6, 3.85], "texture": "#1"},
				"west": {"uv": [3.5, 3, 5, 3.85], "texture": "#1"},
				"up": {"uv": [2.75, 5.5, 2, 4], "texture": "#1"},
				"down": {"uv": [3.75, 4, 3, 5.5], "texture": "#1"}
			}
		},
		{
			"from": [6.409, -0.111, -0.111],
			"to": [9.811, 1.151, 2.491],
			"rotation": {"angle": 0, "axis": "y", "origin": [6.05, 0.5, 2.44]},
			"faces": {
				"north": {"uv": [5.5, 4.5, 6.5, 5], "texture": "#1"},
				"east": {"uv": [5, 5, 6, 5.5], "texture": "#1"},
				"south": {"uv": [4.5, 4, 5.5, 4.5], "texture": "#1"},
				"west": {"uv": [5.5, 4, 6.5, 4.5], "texture": "#1"},
				"up": {"uv": [6.5, 2, 5.5, 1], "rotation": 180, "texture": "#1"},
				"down": {"uv": [3, 5.5, 2, 6.5], "rotation": 180, "texture": "#1"}
			}
		},
		{
			"from": [5.54, 0.1, 0.49],
			"to": [10.54, 0.9, 1.99],
			"rotation": {"angle": 0, "axis": "y", "origin": [6.05, 0.5, 2.44]},
			"faces": {
				"north": {"uv": [4, 3, 5.5, 3.5], "texture": "#1"},
				"east": {"uv": [5.5, 3, 6, 3.5], "texture": "#1"},
				"south": {"uv": [3, 4, 4.5, 4.5], "texture": "#1"},
				"west": {"uv": [3.5, 6, 4, 6.5], "texture": "#1"},
				"up": {"uv": [5, 5.5, 4.5, 4], "rotation": 90, "texture": "#1"},
				"down": {"uv": [3, 6, 2.5, 7.5], "rotation": 270, "texture": "#1"}
			}
		},
		{
			"from": [5.39, 0.1, -2.51],
			"to": [10.59, 0.9, -1.01],
			"rotation": {"angle": 0, "axis": "y", "origin": [6.05, 0.5, 2.44]},
			"faces": {
				"north": {"uv": [4, 4.5, 5.5, 5], "texture": "#1"},
				"east": {"uv": [5.5, 4, 6, 4.5], "texture": "#1"},
				"south": {"uv": [4, 3.5, 5.5, 4], "texture": "#1"},
				"west": {"uv": [4, 6, 4.5, 6.5], "texture": "#1"},
				"up": {"uv": [3, 7, 2.5, 5.5], "rotation": 90, "texture": "#1"},
				"down": {"uv": [2.5, 7, 2, 8.5], "rotation": 270, "texture": "#1"}
			}
		},
		{
			"from": [5.02, 0, -1.51],
			"to": [11.01, 1, 0.99],
			"rotation": {"angle": 0, "axis": "y", "origin": [6.05, 0.5, 2.44]},
			"faces": {
				"north": {"uv": [4, 2.5, 6, 3], "texture": "#1"},
				"east": {"uv": [5, 5, 6, 5.5], "texture": "#1"},
				"south": {"uv": [4, 2, 6, 2.5], "texture": "#1"},
				"west": {"uv": [6, 1, 7, 1.5], "texture": "#1"},
				"up": {"uv": [3.5, 3, 2.5, 1], "rotation": 90, "texture": "#1"},
				"down": {"uv": [3, 1, 2, 3], "rotation": 270, "texture": "#1"}
			}
		}
	],
	"gui_light": "front",
	"display": {
		"thirdperson_righthand": {
			"rotation": [90, 0, 90],
			"translation": [-7.25, 4.5, 1]
		},
		"thirdperson_lefthand": {
			"rotation": [90, 0, -90],
			"translation": [7.25, 4.5, 1]
		},
		"firstperson_righthand": {
			"rotation": [109, 0, 90],
			"translation": [-5.5, 4.25, 4.75],
			"scale": [0.44, 0.44, 0.44]
		},
		"firstperson_lefthand": {
			"rotation": [109, 0, 90],
			"translation": [-5.5, 4.25, 4.75],
			"scale": [0.44, 0.44, 0.44]
		},
		"ground": {
			"rotation": [90, 45, 0],
			"translation": [0, 3.25, 6.5],
			"scale": [0.66, 0.66, 0.66]
		},
		"gui": {
			"rotation": [90, -45, 0],
			"translation": [0, -1.5, 0],
			"scale": [0.9, 0.9, 0.9]
		},
		"head": {
			"rotation": [-30, -45, 60],
			"translation": [-5.75, 13.75, -3.5]
		},
		"fixed": {
			"rotation": [-90, 135, 0],
			"translation": [0.25, -2, -7]
		}
	},
	"groups": [
		0,
		{
			"name": "group",
			"origin": [8.75, 0.5, 2],
			"color": 0,
			"nbt": "{}",
			"children": [1, 2]
		},
		{
			"name": "iron_axe",
			"origin": [8, 8, 8],
			"color": 0,
			"nbt": "{}",
			"children": [
				{
					"name": "group",
					"origin": [5, 1, 1.38],
					"color": 0,
					"nbt": "{}",
					"children": [3]
				},
				4,
				5,
				6
			]
		}
	]
}