{
	"credit": "Made by pikachurro",
	"texture_size": [32, 32],
	"textures": {
		"1": "item/golden_sword"
	},
	"elements": [
		{
			"from": [7.25, 0.09, 12],
			"to": [8.75, 0.84, 18],
			"rotation": {"angle": 0, "axis": "y", "origin": [8, 0.475, 7.375]},
			"faces": {
				"north": {"uv": [3.575, 8.55, 4.325, 8.925], "texture": "#1"},
				"east": {"uv": [5, 9.575, 8, 9.95], "texture": "#1"},
				"south": {"uv": [4, 6.5, 4.75, 6.875], "texture": "#1"},
				"west": {"uv": [4.5, 9.175, 7.5, 9.425], "texture": "#1"},
				"up": {"uv": [9.35, 10, 8.6, 7], "texture": "#1"},
				"down": {"uv": [10.35, 7, 9.6, 10], "texture": "#1"}
			}
		},
		{
			"from": [6.75, -0.02, 10],
			"to": [9.25, 0.98, 12],
			"rotation": {"angle": 0, "axis": "y", "origin": [8, 0.475, 7.375]},
			"faces": {
				"north": {"uv": [0.125, 7.19, 1.375, 7.815], "texture": "#1"},
				"east": {"uv": [7, 5.69, 8, 6.315], "texture": "#1"},
				"south": {"uv": [7.125, 2.19, 8.375, 2.815], "texture": "#1"},
				"west": {"uv": [8.5, 6.19, 9.5, 6.815], "texture": "#1"},
				"up": {"uv": [3.375, 4.5, 2.125, 3.5], "texture": "#1"},
				"down": {"uv": [4.875, 3.5, 3.625, 4.5], "texture": "#1"}
			}
		},
		{
			"from": [7.04, 0.25, -1.25],
			"to": [7.98, 0.7, 11],
			"rotation": {"angle": 0, "axis": "y", "origin": [8, 0.375, 8.375]},
			"faces": {
				"north": {"uv": [7, 6.5, 7.47, 6.725], "texture": "#1"},
				"east": {"uv": [2, 0, 8.125, 0.225], "texture": "#1"},
				"south": {"uv": [7, 7, 7.47, 7.225], "texture": "#1"},
				"west": {"uv": [1.775, 0.56, 7.9, 0.785], "texture": "#1"},
				"up": {"uv": [15.97, 6.225, 15.5, 0.1], "texture": "#1"},
				"down": {"uv": [14.97, 0.105, 14.5, 6.23], "texture": "#1"}
			}
		},
		{
			"from": [7.98, 0.25, -3.5],
			"to": [8.94, 0.7, 11.2],
			"rotation": {"angle": 0, "axis": "y", "origin": [8, 0.375, 8.375]},
			"faces": {
				"north": {"uv": [7, 6.5, 7.48, 6.725], "texture": "#1"},
				"east": {"uv": [2, 0, 9.35, 0.225], "texture": "#1"},
				"south": {"uv": [7, 7, 7.48, 7.225], "texture": "#1"},
				"west": {"uv": [2, 0.5, 9.35, 0.725], "texture": "#1"},
				"up": {"uv": [15.48, 7.35, 15, 0], "texture": "#1"},
				"down": {"uv": [14.48, 0, 14, 7.35], "texture": "#1"}
			}
		},
		{
			"from": [7.111, 0.251, -3.319],
			"to": [8.139, 0.699, -0.881],
			"rotation": {"angle": -22.5, "axis": "y", "origin": [8, 0.475, -1.25]},
			"faces": {
				"north": {"uv": [1, 9, 2, 9.5], "texture": "#1"},
				"east": {"uv": [7.5, 1, 8.5, 1.5], "texture": "#1"},
				"south": {"uv": [7.5, 1.5, 8.5, 2], "texture": "#1"},
				"west": {"uv": [0, 9, 1, 9.5], "texture": "#1"},
				"up": {"uv": [6, 5, 5, 4], "rotation": 270, "texture": "#1"},
				"down": {"uv": [6, 5, 5, 6], "rotation": 90, "texture": "#1"}
			}
		},
		{
			"from": [10.97848, 0.102, 8.77716],
			"to": [11.97648, 0.848, 9.93516],
			"rotation": {"angle": -45, "axis": "y", "origin": [8, 0.475, 7.375]},
			"faces": {
				"north": {"uv": [5, 8, 5.5, 8.5], "texture": "#1"},
				"east": {"uv": [5.5, 8, 6, 8.5], "texture": "#1"},
				"south": {"uv": [8, 5.5, 8.5, 6], "texture": "#1"},
				"west": {"uv": [6, 8, 6.5, 8.5], "texture": "#1"},
				"up": {"uv": [8.5, 6.5, 8, 6], "texture": "#1"},
				"down": {"uv": [7, 8, 6.5, 8.5], "texture": "#1"}
			}
		},
		{
			"from": [13.8049, 0.089, 14.1799],
			"to": [15.8069, 0.841, 16.1819],
			"rotation": {"angle": -45, "axis": "y", "origin": [8, 0.475, 8.375]},
			"faces": {
				"north": {"uv": [2, 7.5, 3, 8], "texture": "#1"},
				"east": {"uv": [3, 7.5, 4, 8], "texture": "#1"},
				"south": {"uv": [4, 7.5, 5, 8], "texture": "#1"},
				"west": {"uv": [5, 7.5, 6, 8], "texture": "#1"},
				"up": {"uv": [3, 6.5, 2, 5.5], "texture": "#1"},
				"down": {"uv": [4, 5.5, 3, 6.5], "texture": "#1"}
			}
		},
		{
			"from": [14.3049, 0.079, 14.6799],
			"to": [15.3069, 0.851, 15.6819],
			"rotation": {"angle": -45, "axis": "y", "origin": [8, 0.475, 8.375]},
			"faces": {
				"north": {"uv": [8.5, 0, 9, 0.5], "texture": "#1"},
				"east": {"uv": [0.5, 8.5, 1, 9], "texture": "#1"},
				"south": {"uv": [8.5, 0.5, 9, 1], "texture": "#1"},
				"west": {"uv": [1, 8.5, 1.5, 9], "texture": "#1"},
				"up": {"uv": [9, 1.5, 8.5, 1], "texture": "#1"},
				"down": {"uv": [2, 8.5, 1.5, 9], "texture": "#1"}
			}
		},
		{
			"from": [14.3049, -0.191, 7.6799],
			"to": [15.3069, 1.121, 8.6819],
			"rotation": {"angle": -45, "axis": "y", "origin": [8, 0.475, 1.375]},
			"faces": {
				"north": {"uv": [11, 3, 11.5, 3.5], "texture": "#1"},
				"east": {"uv": [3, 11.5, 3.5, 12], "texture": "#1"},
				"south": {"uv": [11, 3.5, 11.5, 4], "texture": "#1"},
				"west": {"uv": [3.5, 11.5, 4, 12], "texture": "#1"},
				"up": {"uv": [11.5, 4.5, 11, 4], "texture": "#1"},
				"down": {"uv": [4.5, 11.5, 4, 12], "texture": "#1"}
			}
		},
		{
			"from": [9.28935, 0.101, 9.68799],
			"to": [12.28735, 0.849, 10.68599],
			"rotation": {"angle": -22.5, "axis": "y", "origin": [8, 0.475, 7.375]},
			"faces": {
				"north": {"uv": [7, 2.5, 8.5, 3], "texture": "#1"},
				"east": {"uv": [1.5, 7, 2, 7.5], "texture": "#1"},
				"south": {"uv": [7, 3, 8.5, 3.5], "texture": "#1"},
				"west": {"uv": [3.5, 8, 4, 8.5], "texture": "#1"},
				"up": {"uv": [8.5, 4, 7, 3.5], "texture": "#1"},
				"down": {"uv": [5.5, 7, 4, 7.5], "texture": "#1"}
			}
		},
		{
			"from": [12.22752, 0.098, 7.28961],
			"to": [13.23152, 0.852, 8.79361],
			"rotation": {"angle": -45, "axis": "y", "origin": [8, 0.475, 7.375]},
			"faces": {
				"north": {"uv": [8.5, 2, 9, 2.5], "texture": "#1"},
				"east": {"uv": [0.5, 8, 1.5, 8.5], "texture": "#1"},
				"south": {"uv": [8.5, 2.5, 9, 3], "texture": "#1"},
				"west": {"uv": [1.5, 8, 2.5, 8.5], "texture": "#1"},
				"up": {"uv": [3, 9, 2.5, 8], "texture": "#1"},
				"down": {"uv": [3.5, 8, 3, 9], "texture": "#1"}
			}
		},
		{
			"from": [13.22852, 0.099, 6.29061],
			"to": [14.23052, 0.851, 7.79261],
			"rotation": {"angle": -45, "axis": "y", "origin": [9, 0.475, 6.375]},
			"faces": {
				"north": {"uv": [12.5, 9, 13, 9.5], "texture": "#1"},
				"east": {"uv": [4.5, 15, 5.5, 15.5], "texture": "#1"},
				"south": {"uv": [12.5, 9.5, 13, 10], "texture": "#1"},
				"west": {"uv": [5.5, 15, 6.5, 15.5], "texture": "#1"},
				"up": {"uv": [7, 16, 6.5, 15], "texture": "#1"},
				"down": {"uv": [7.5, 15, 7, 16], "texture": "#1"}
			}
		},
		{
			"from": [9.87191, 0.099, 9.43964],
			"to": [11.37391, 0.851, 10.44164],
			"rotation": {"angle": -45, "axis": "y", "origin": [11.87291, 0.475, 10.19064]},
			"faces": {
				"north": {"uv": [2.5, 15, 3.5, 15.5], "texture": "#1"},
				"east": {"uv": [10.5, 9.5, 11, 10], "texture": "#1"},
				"south": {"uv": [3.5, 15, 4.5, 15.5], "texture": "#1"},
				"west": {"uv": [10.5, 9, 11, 9.5], "texture": "#1"},
				"up": {"uv": [5, 16, 4.5, 15], "rotation": 270, "texture": "#1"},
				"down": {"uv": [5.5, 15, 5, 16], "rotation": 90, "texture": "#1"}
			}
		},
		{
			"from": [4.02352, 0.102, 8.77716],
			"to": [5.02152, 0.848, 9.93516],
			"rotation": {"angle": 45, "axis": "y", "origin": [8, 0.475, 7.375]},
			"faces": {
				"north": {"uv": [5.5, 8, 5, 8.5], "texture": "#1"},
				"east": {"uv": [6.5, 8, 6, 8.5], "texture": "#1"},
				"south": {"uv": [8.5, 5.5, 8, 6], "texture": "#1"},
				"west": {"uv": [6, 8, 5.5, 8.5], "texture": "#1"},
				"up": {"uv": [8, 6.5, 8.5, 6], "texture": "#1"},
				"down": {"uv": [6.5, 8, 7, 8.5], "texture": "#1"}
			}
		},
		{
			"from": [3.71265, 0.101, 9.68799],
			"to": [6.71065, 0.849, 10.68599],
			"rotation": {"angle": 22.5, "axis": "y", "origin": [8, 0.475, 7.375]},
			"faces": {
				"north": {"uv": [8.5, 2.5, 7, 3], "texture": "#1"},
				"east": {"uv": [4, 8, 3.5, 8.5], "texture": "#1"},
				"south": {"uv": [8.5, 3, 7, 3.5], "texture": "#1"},
				"west": {"uv": [2, 7, 1.5, 7.5], "texture": "#1"},
				"up": {"uv": [7, 4, 8.5, 3.5], "texture": "#1"},
				"down": {"uv": [4, 7, 5.5, 7.5], "texture": "#1"}
			}
		},
		{
			"from": [2.76848, 0.098, 7.28961],
			"to": [3.77248, 0.852, 8.79361],
			"rotation": {"angle": 45, "axis": "y", "origin": [8, 0.475, 7.375]},
			"faces": {
				"north": {"uv": [9, 2, 8.5, 2.5], "texture": "#1"},
				"east": {"uv": [2.5, 8, 1.5, 8.5], "texture": "#1"},
				"south": {"uv": [9, 2.5, 8.5, 3], "texture": "#1"},
				"west": {"uv": [1.5, 8, 0.5, 8.5], "texture": "#1"},
				"up": {"uv": [2.5, 9, 3, 8], "texture": "#1"},
				"down": {"uv": [3, 8, 3.5, 9], "texture": "#1"}
			}
		},
		{
			"from": [1.76948, 0.099, 6.29061],
			"to": [2.77148, 0.851, 7.79261],
			"rotation": {"angle": 45, "axis": "y", "origin": [7, 0.475, 6.375]},
			"faces": {
				"north": {"uv": [16, 9, 15.5, 9.5], "texture": "#1"},
				"east": {"uv": [9.5, 15, 8.5, 15.5], "texture": "#1"},
				"south": {"uv": [16, 9.5, 15.5, 10], "texture": "#1"},
				"west": {"uv": [8.5, 15, 7.5, 15.5], "texture": "#1"},
				"up": {"uv": [9.5, 16, 10, 15], "texture": "#1"},
				"down": {"uv": [10, 15, 10.5, 16], "texture": "#1"}
			}
		},
		{
			"from": [4.62609, 0.099, 9.43964],
			"to": [6.12809, 0.851, 10.44164],
			"rotation": {"angle": 45, "axis": "y", "origin": [4.12709, 0.475, 10.19064]},
			"faces": {
				"north": {"uv": [4, 13, 3, 13.5], "texture": "#1"},
				"east": {"uv": [11.5, 7, 11, 7.5], "texture": "#1"},
				"south": {"uv": [5, 13, 4, 13.5], "texture": "#1"},
				"west": {"uv": [11.5, 7.5, 11, 8], "texture": "#1"},
				"up": {"uv": [5.5, 13, 5, 14], "rotation": 270, "texture": "#1"},
				"down": {"uv": [6, 14, 5.5, 13], "rotation": 90, "texture": "#1"}
			}
		}
	],
	"gui_light": "front",
	"display": {
		"thirdperson_righthand": {
			"rotation": [90, 0, 90],
			"translation": [-7.5, 4.5, 1]
		},
		"thirdperson_lefthand": {
			"rotation": [90, 0, -90],
			"translation": [7.5, 4.5, 1]
		},
		"firstperson_righthand": {
			"rotation": [109.84, -2.58, 82.95],
			"translation": [-6.75, 5.5, 5.75],
			"scale": [0.44, 0.44, 0.44]
		},
		"firstperson_lefthand": {
			"rotation": [109.32, -5.31, -104.85],
			"translation": [-0.75, 5.5, 4.5],
			"scale": [0.44, 0.44, 0.44]
		},
		"ground": {
			"rotation": [90, 45, 0],
			"translation": [0, 2.5, 5],
			"scale": [0.66, 0.66, 0.66]
		},
		"gui": {
			"rotation": [90, -45, 0]
		},
		"head": {
			"rotation": [-90, -25, 0],
			"translation": [-2.75, 12.5, -7.5]
		},
		"fixed": {
			"rotation": [90, 45, 0],
			"translation": [0, 0, 7.5]
		}
	},
	"groups": [
		{
			"name": "group",
			"origin": [11.23, 0.625, 10.48],
			"color": 0,
			"nbt": "{}",
			"children": [0, 1, 2, 3, 4, 5, 6, 7, 8, 9, 10, 11, 12]
		},
		{
			"name": "group",
			"origin": [4.77, 0.625, 10.48],
			"color": 0,
			"nbt": "{}",
			"children": [13, 14, 15, 16, 17]
		}
	]
}