{
	"credit": "Made by pikachurro",
	"texture_size": [32, 32],
	"textures": {
		"0": "item/iron_axe",
		"particle": "item/iron_axe"
	},
	"elements": [
		{
			"from": [7.3, -0.1, 0],
			"to": [8.7, 1.1, 16],
			"rotation": {"angle": 0, "axis": "z", "origin": [8.05, 0.5, 8]},
			"faces": {
				"north": {"uv": [1, 7, 2, 7.5], "texture": "#0"},
				"east": {"uv": [0, 0, 8, 0.5], "texture": "#0"},
				"south": {"uv": [1, 6.5, 2, 7], "texture": "#0"},
				"west": {"uv": [0, 0.5, 8, 1], "texture": "#0"},
				"up": {"uv": [2, 16, 1, 8], "texture": "#0"},
				"down": {"uv": [1, 1, 0, 9], "texture": "#0"}
			}
		},
		{
			"from": [6.8, -0.5, 1.5],
			"to": [9.25, 1.5, 3.75],
			"rotation": {"angle": 0, "axis": "y", "origin": [6.65, -0.5, 1.25]},
			"faces": {
				"north": {"uv": [1, 3, 2, 4], "texture": "#0"},
				"east": {"uv": [3, 1, 4, 2], "texture": "#0"},
				"south": {"uv": [2, 3, 3, 4], "texture": "#0"},
				"west": {"uv": [3, 2, 4, 3], "texture": "#0"},
				"up": {"uv": [4, 4, 3, 3], "texture": "#0"},
				"down": {"uv": [2, 4, 1, 5], "texture": "#0"}
			}
		},
		{
			"from": [8, 0.1, 1.66],
			"to": [10, 0.9, 3.66],
			"rotation": {"angle": 0, "axis": "y", "origin": [7.9, 1, 4.01]},
			"faces": {
				"north": {"uv": [5.5, 5, 6.5, 5.5], "texture": "#0"},
				"east": {"uv": [4.5, 4, 5.5, 4.5], "texture": "#0"},
				"south": {"uv": [5.5, 4, 6.5, 4.5], "texture": "#0"},
				"west": {"uv": [5.5, 4.5, 6.5, 5], "texture": "#0"},
				"up": {"uv": [5, 2, 4, 1], "rotation": 90, "texture": "#0"},
				"down": {"uv": [3, 4, 2, 5], "rotation": 270, "texture": "#0"}
			}
		},
		{
			"from": [5.5, 0.1, 0.13],
			"to": [7, 0.9, 5.13],
			"faces": {
				"north": {"uv": [6, 3, 6.5, 3.5], "texture": "#0"},
				"east": {"uv": [3, 4, 4.5, 4.5], "texture": "#0"},
				"south": {"uv": [3.5, 6, 4, 6.5], "texture": "#0"},
				"west": {"uv": [4, 3, 5.5, 3.5], "texture": "#0"},
				"up": {"uv": [3.5, 6, 3, 4.5], "texture": "#0"},
				"down": {"uv": [4, 4.5, 3.5, 6], "texture": "#0"}
			}
		},
		{
			"from": [2.5, 0.1, 0.08],
			"to": [4, 0.9, 5.28],
			"faces": {
				"north": {"uv": [6, 3.5, 6.5, 4], "texture": "#0"},
				"east": {"uv": [4, 3.5, 5.5, 4], "texture": "#0"},
				"south": {"uv": [4, 6, 4.5, 6.5], "texture": "#0"},
				"west": {"uv": [4, 4.5, 5.5, 5], "texture": "#0"},
				"up": {"uv": [1.5, 6.5, 1, 5], "texture": "#0"},
				"down": {"uv": [2, 5, 1.5, 6.5], "texture": "#0"}
			}
		},
		{
			"from": [3.5, 0, -0.34],
			"to": [6, 1, 5.65],
			"faces": {
				"north": {"uv": [5.5, 5.5, 6.5, 6], "texture": "#0"},
				"east": {"uv": [4, 2, 6, 2.5], "texture": "#0"},
				"south": {"uv": [6, 1, 7, 1.5], "texture": "#0"},
				"west": {"uv": [4, 2.5, 6, 3], "texture": "#0"},
				"up": {"uv": [2, 3, 1, 1], "texture": "#0"},
				"down": {"uv": [3, 1, 2, 3], "texture": "#0"}
			}
		}
	],
	"gui_light": "front",
	"display": {
		"thirdperson_righthand": {
			"rotation": [90, 0, 90],
			"translation": [-7.25, 4.5, 1]
		},
		"thirdperson_lefthand": {
			"rotation": [90, 0, -90],
			"translation": [7.25, 4.5, 1]
		},
		"firstperson_righthand": {
			"rotation": [109, 0, 90],
			"translation": [-5.5, 4.75, 4.75],
			"scale": [0.44, 0.44, 0.44]
		},
		"firstperson_lefthand": {
			"rotation": [109, 0, -90],
			"translation": [1.15, 4.75, 4.75],
			"scale": [0.44, 0.44, 0.44]
		},
		"ground": {
			"rotation": [90, 45, 0],
			"translation": [0, 3.25, 6.5],
			"scale": [0.66, 0.66, 0.66]
		},
		"gui": {
			"rotation": [90, -45, 0],
			"translation": [0, -1.5, 0],
			"scale": [0.9, 0.9, 0.9]
		},
		"head": {
			"rotation": [-30, -45, 60],
			"translation": [-5.75, 13.75, -3.5]
		},
		"fixed": {
			"rotation": [-90, 135, 0],
			"translation": [0.25, -2, -7]
		}
	},
	"groups": [
		0,
		1,
		{
			"name": "group",
			"origin": [5, 1, 1.38],
			"color": 0,
			"nbt": "{}",
			"children": [2]
		},
		3,
		4,
		5
	]
}