{
	"credit": "Made by pikachurro",
	"textures": {
		"1": "item/iron_shovel"
	},
	"elements": [
		{
			"from": [7.3, -0.1, 4],
			"to": [8.7, 1.1, 16],
			"rotation": {"angle": 0, "axis": "z", "origin": [8.05, 0.5, 8]},
			"faces": {
				"north": {"uv": [3.75, 5.5, 4.25, 6], "texture": "#1"},
				"east": {"uv": [4, 0, 10, 0.5], "texture": "#1"},
				"south": {"uv": [4.75, 5.5, 5.25, 6], "texture": "#1"},
				"west": {"uv": [4, 0.5, 10, 1], "texture": "#1"},
				"up": {"uv": [0.75, 6, 0.25, 0], "texture": "#1"},
				"down": {"uv": [1.75, 0, 1.25, 6], "texture": "#1"}
			}
		},
		{
			"from": [8, -0.25, 3.15],
			"to": [8.8, 1.25, 5.1],
			"rotation": {"angle": 0, "axis": "y", "origin": [17, -0.5, -0.25]},
			"faces": {
				"north": {"uv": [5, 2.075, 5.5, 2.925], "texture": "#1"},
				"east": {"uv": [3.76, 2.075, 4.735, 2.925], "texture": "#1"},
				"south": {"uv": [5, 3.075, 5.5, 3.925], "texture": "#1"},
				"west": {"uv": [3.5, 3.2, 4.475, 4.05], "texture": "#1"},
				"up": {"uv": [2.5, 5.235, 2, 4.26], "texture": "#1"},
				"down": {"uv": [3.5, 4.26, 3, 5.235], "texture": "#1"}
			}
		},
		{
			"from": [7.2, -0.25, 3.15],
			"to": [8, 1.25, 5.1],
			"rotation": {"angle": 0, "axis": "y", "origin": [33, -0.5, -0.25]},
			"faces": {
				"north": {"uv": [8, 5.575, 7.5, 6.425], "texture": "#1"},
				"east": {"uv": [6.975, 6.7, 6, 7.55], "texture": "#1"},
				"south": {"uv": [8, 6.575, 7.5, 7.425], "texture": "#1"},
				"west": {"uv": [7.235, 5.575, 6.26, 6.425], "texture": "#1"},
				"up": {"uv": [4.5, 8.735, 5, 7.76], "texture": "#1"},
				"down": {"uv": [5.5, 7.765, 6, 8.74], "texture": "#1"}
			}
		},
		{
			"from": [6, 0.15, -0.05],
			"to": [10, 0.85, 3.7],
			"faces": {
				"north": {"uv": [5.725, 14.13203, 7.725, 14.50391], "texture": "#1"},
				"east": {"uv": [5.725, 13.44141, 7.59219, 13.81328], "texture": "#1"},
				"south": {"uv": [5.725, 11.84766, 7.725, 12.21953], "texture": "#1"},
				"west": {"uv": [5.725, 11.25, 7.59219, 11.62188], "texture": "#1"},
				"up": {"uv": [10, 12.51172, 11.975, 14.50391], "texture": "#1"},
				"down": {"uv": [11.975, 12.51172, 13.975, 14.50391], "texture": "#1"}
			}
		},
		{
			"from": [6, 0.15, -1],
			"to": [10, 0.85, -0.05],
			"faces": {
				"north": {"uv": [10.725, 13.62058, 12.71354, 13.83203], "texture": "#1"},
				"east": {"uv": [12.055, 13.41196, 10.1189, 13.62341], "texture": "#1"},
				"south": {"uv": [10.725, 12.93054, 12.71354, 13.14199], "texture": "#1"},
				"west": {"uv": [12.055, 12.75, 10.1189, 12.96145], "texture": "#1"},
				"up": {"uv": [12.49756, 13.13113, 14.4861, 13.4181], "texture": "#1"},
				"down": {"uv": [13.31646, 13.13113, 15.305, 13.4181], "texture": "#1"}
			}
		},
		{
			"from": [7, 0.15, -2.25],
			"to": [9, 0.85, -1],
			"faces": {
				"north": {"uv": [11, 2, 12, 2.4], "texture": "#1"},
				"east": {"uv": [14.5625, 2, 15, 2.525], "texture": "#1"},
				"south": {"uv": [11.25, 3.125, 12.25, 3.65], "texture": "#1"},
				"west": {"uv": [13.875, 3.5, 14.3125, 3.9], "texture": "#1"},
				"up": {"uv": [9, 10.0625, 10, 11], "texture": "#1"},
				"down": {"uv": [12, 10.0625, 13, 11], "texture": "#1"}
			}
		}
	],
	"gui_light": "front",
	"display": {
		"thirdperson_righthand": {
			"rotation": [90, 0, 90],
			"translation": [-7.25, 4.5, 1]
		},
		"thirdperson_lefthand": {
			"rotation": [90, 0, 90],
			"translation": [-7.25, 4.5, 1]
		},
		"firstperson_righthand": {
			"rotation": [109, 0, 90],
			"translation": [-5.5, 4.25, 4.75],
			"scale": [0.44, 0.44, 0.44]
		},
		"firstperson_lefthand": {
			"rotation": [109, 0, 90],
			"translation": [-5.5, 4.25, 4.75],
			"scale": [0.44, 0.44, 0.44]
		},
		"ground": {
			"rotation": [90, 45, 0],
			"translation": [0, 3.25, 6.5],
			"scale": [0.66, 0.66, 0.66]
		},
		"gui": {
			"rotation": [90, -45, 0],
			"translation": [-0.75, -0.75, 0]
		},
		"head": {
			"rotation": [49, 0, 0],
			"translation": [0.25, 12.75, -2.5]
		},
		"fixed": {
			"rotation": [90, 45, 0],
			"translation": [0, -0.75, 7.5]
		}
	},
	"groups": [
		{
			"name": "iron_pickaxe",
			"origin": [8, 8, 8],
			"color": 0,
			"nbt": "{}",
			"children": [0, 1, 2, 3, 4, 5]
		}
	]
}