{
	"credit": "Made by pikachurro",
	"texture_size": [32, 32],
	"textures": {
		"1": "item/netherite_sword"
	},
	"elements": [
		{
			"from": [4.02352, 0.102, 8.77716],
			"to": [5.02152, 0.848, 9.93516],
			"rotation": {"angle": 45, "axis": "y", "origin": [8, 0.475, 7.375]},
			"faces": {
				"north": {"uv": [8, 6.5, 8.5, 7], "texture": "#1"},
				"east": {"uv": [7, 8, 7.5, 8.5], "texture": "#1"},
				"south": {"uv": [8, 7, 8.5, 7.5], "texture": "#1"},
				"west": {"uv": [7.5, 8, 8, 8.5], "texture": "#1"},
				"up": {"uv": [8.5, 8, 8, 7.5], "texture": "#1"},
				"down": {"uv": [8.5, 8, 8, 8.5], "texture": "#1"}
			}
		},
		{
			"from": [7.25, 0.09, 12],
			"to": [8.75, 0.84, 18],
			"rotation": {"angle": 0, "axis": "y", "origin": [8, 0.475, 7.375]},
			"faces": {
				"north": {"uv": [3.575, 8.55, 4.325, 8.925], "texture": "#1"},
				"east": {"uv": [5, 9.575, 8, 9.95], "texture": "#1"},
				"south": {"uv": [4, 6.5, 4.75, 6.875], "texture": "#1"},
				"west": {"uv": [4.5, 9.175, 7.5, 9.425], "texture": "#1"},
				"up": {"uv": [9.35, 10, 8.6, 7], "texture": "#1"},
				"down": {"uv": [10.35, 7, 9.6, 10], "texture": "#1"}
			}
		},
		{
			"from": [6.75, -0.02, 10],
			"to": [9.25, 0.98, 12],
			"rotation": {"angle": 0, "axis": "y", "origin": [8, 0.475, 7.375]},
			"faces": {
				"north": {"uv": [0.125, 7.19, 1.375, 7.815], "texture": "#1"},
				"east": {"uv": [7, 5.69, 8, 6.315], "texture": "#1"},
				"south": {"uv": [7.125, 2.19, 8.375, 2.815], "texture": "#1"},
				"west": {"uv": [8.5, 6.19, 9.5, 6.815], "texture": "#1"},
				"up": {"uv": [3.375, 4.5, 2.125, 3.5], "texture": "#1"},
				"down": {"uv": [4.875, 3.5, 3.625, 4.5], "texture": "#1"}
			}
		},
		{
			"from": [3.71265, 0.101, 9.68799],
			"to": [6.71065, 0.849, 10.68599],
			"rotation": {"angle": 22.5, "axis": "y", "origin": [8, 0.475, 7.375]},
			"faces": {
				"north": {"uv": [7, 4, 8.5, 4.5], "texture": "#1"},
				"east": {"uv": [4, 8, 4.5, 8.5], "texture": "#1"},
				"south": {"uv": [7, 4.5, 8.5, 5], "texture": "#1"},
				"west": {"uv": [4.5, 8, 5, 8.5], "texture": "#1"},
				"up": {"uv": [8.5, 5.5, 7, 5], "texture": "#1"},
				"down": {"uv": [7, 7, 5.5, 7.5], "texture": "#1"}
			}
		},
		{
			"from": [7.04, 0.25, -2.25],
			"to": [8.96, 0.7, 10],
			"rotation": {"angle": 0, "axis": "y", "origin": [8, 0.375, 7.375]},
			"faces": {
				"north": {"uv": [7, 6.5, 8, 7], "texture": "#1"},
				"east": {"uv": [2, 0, 8, 0.5], "texture": "#1"},
				"south": {"uv": [7, 7, 8, 7.5], "texture": "#1"},
				"west": {"uv": [2, 0.5, 8, 1], "texture": "#1"},
				"up": {"uv": [1, 6, 0, 0], "texture": "#1"},
				"down": {"uv": [2, 0, 1, 6], "texture": "#1"}
			}
		},
		{
			"from": [14.1269, 0.251, -0.1099],
			"to": [15.4849, 0.699, 1.2481],
			"rotation": {"angle": 45, "axis": "y", "origin": [8, 0.375, 7.375]},
			"faces": {
				"north": {"uv": [0, 9, 1, 9.5], "texture": "#1"},
				"east": {"uv": [1, 9, 2, 9.5], "texture": "#1"},
				"south": {"uv": [7.5, 1, 8.5, 1.5], "texture": "#1"},
				"west": {"uv": [7.5, 1.5, 8.5, 2], "texture": "#1"},
				"up": {"uv": [6, 5, 5, 4], "texture": "#1"},
				"down": {"uv": [6, 5, 5, 6], "texture": "#1"}
			}
		},
		{
			"from": [10.97848, 0.102, 8.77716],
			"to": [11.97648, 0.848, 9.93516],
			"rotation": {"angle": -45, "axis": "y", "origin": [8, 0.475, 7.375]},
			"faces": {
				"north": {"uv": [5, 8, 5.5, 8.5], "texture": "#1"},
				"east": {"uv": [5.5, 8, 6, 8.5], "texture": "#1"},
				"south": {"uv": [8, 5.5, 8.5, 6], "texture": "#1"},
				"west": {"uv": [6, 8, 6.5, 8.5], "texture": "#1"},
				"up": {"uv": [8.5, 6.5, 8, 6], "texture": "#1"},
				"down": {"uv": [7, 8, 6.5, 8.5], "texture": "#1"}
			}
		},
		{
			"from": [13.8049, 0.089, 14.1799],
			"to": [15.8069, 0.841, 16.1819],
			"rotation": {"angle": -45, "axis": "y", "origin": [8, 0.475, 8.375]},
			"faces": {
				"north": {"uv": [2, 7.5, 3, 8], "texture": "#1"},
				"east": {"uv": [3, 7.5, 4, 8], "texture": "#1"},
				"south": {"uv": [4, 7.5, 5, 8], "texture": "#1"},
				"west": {"uv": [5, 7.5, 6, 8], "texture": "#1"},
				"up": {"uv": [3, 6.5, 2, 5.5], "texture": "#1"},
				"down": {"uv": [4, 5.5, 3, 6.5], "texture": "#1"}
			}
		},
		{
			"from": [14.3049, 0.079, 14.6799],
			"to": [15.3069, 0.851, 15.6819],
			"rotation": {"angle": -45, "axis": "y", "origin": [8, 0.475, 8.375]},
			"faces": {
				"north": {"uv": [8.5, 0, 9, 0.5], "texture": "#1"},
				"east": {"uv": [0.5, 8.5, 1, 9], "texture": "#1"},
				"south": {"uv": [8.5, 0.5, 9, 1], "texture": "#1"},
				"west": {"uv": [1, 8.5, 1.5, 9], "texture": "#1"},
				"up": {"uv": [9, 1.5, 8.5, 1], "texture": "#1"},
				"down": {"uv": [2, 8.5, 1.5, 9], "texture": "#1"}
			}
		},
		{
			"from": [2.76948, 0.099, 7.29061],
			"to": [3.77148, 0.851, 8.79261],
			"rotation": {"angle": 45, "axis": "y", "origin": [8, 0.475, 7.375]},
			"faces": {
				"north": {"uv": [8.5, 1.5, 9, 2], "texture": "#1"},
				"east": {"uv": [6, 7.5, 7, 8], "texture": "#1"},
				"south": {"uv": [2, 8.5, 2.5, 9], "texture": "#1"},
				"west": {"uv": [7, 7.5, 8, 8], "texture": "#1"},
				"up": {"uv": [0.5, 9, 0, 8], "texture": "#1"},
				"down": {"uv": [8.5, 0, 8, 1], "texture": "#1"}
			}
		},
		{
			"from": [9.28935, 0.101, 9.68799],
			"to": [12.28735, 0.849, 10.68599],
			"rotation": {"angle": -22.5, "axis": "y", "origin": [8, 0.475, 7.375]},
			"faces": {
				"north": {"uv": [7, 2.5, 8.5, 3], "texture": "#1"},
				"east": {"uv": [1.5, 7, 2, 7.5], "texture": "#1"},
				"south": {"uv": [7, 3, 8.5, 3.5], "texture": "#1"},
				"west": {"uv": [3.5, 8, 4, 8.5], "texture": "#1"},
				"up": {"uv": [8.5, 4, 7, 3.5], "texture": "#1"},
				"down": {"uv": [5.5, 7, 4, 7.5], "texture": "#1"}
			}
		},
		{
			"from": [2.48948, -0.001, 6.29061],
			"to": [3.99148, 1.001, 7.79261],
			"rotation": {"angle": 45, "axis": "y", "origin": [8, 0.475, 7.375]},
			"faces": {
				"north": {"uv": [4, 5.5, 5, 6.5], "texture": "#1"},
				"east": {"uv": [0, 6, 1, 7], "texture": "#1"},
				"south": {"uv": [1, 6, 2, 7], "texture": "#1"},
				"west": {"uv": [6, 2, 7, 3], "texture": "#1"},
				"up": {"uv": [7, 4, 6, 3], "texture": "#1"},
				"down": {"uv": [7, 4, 6, 5], "texture": "#1"}
			}
		},
		{
			"from": [12.22852, 0.099, 7.29061],
			"to": [13.23052, 0.851, 8.79261],
			"rotation": {"angle": -45, "axis": "y", "origin": [8, 0.475, 7.375]},
			"faces": {
				"north": {"uv": [8.5, 2, 9, 2.5], "texture": "#1"},
				"east": {"uv": [0.5, 8, 1.5, 8.5], "texture": "#1"},
				"south": {"uv": [8.5, 2.5, 9, 3], "texture": "#1"},
				"west": {"uv": [1.5, 8, 2.5, 8.5], "texture": "#1"},
				"up": {"uv": [3, 9, 2.5, 8], "texture": "#1"},
				"down": {"uv": [3.5, 8, 3, 9], "texture": "#1"}
			}
		},
		{
			"from": [12.00852, -0.001, 6.29061],
			"to": [13.51052, 1.001, 7.79261],
			"rotation": {"angle": -45, "axis": "y", "origin": [8, 0.475, 7.375]},
			"faces": {
				"north": {"uv": [4, 2, 5, 3], "texture": "#1"},
				"east": {"uv": [2, 4.5, 3, 5.5], "texture": "#1"},
				"south": {"uv": [3, 4.5, 4, 5.5], "texture": "#1"},
				"west": {"uv": [4, 4.5, 5, 5.5], "texture": "#1"},
				"up": {"uv": [6, 3, 5, 2], "texture": "#1"},
				"down": {"uv": [6, 3, 5, 4], "texture": "#1"}
			}
		}
	],
	"gui_light": "front",
	"display": {
		"thirdperson_righthand": {
			"rotation": [90, 0, 90],
			"translation": [-7.5, 4.5, 1]
		},
		"thirdperson_lefthand": {
			"rotation": [90, 0, -90],
			"translation": [7.5, 4.5, 1]
		},
		"firstperson_righthand": {
			"rotation": [109.84, -2.58, 82.95],
			"translation": [-6.75, 5.5, 5.75],
			"scale": [0.44, 0.44, 0.44]
		},
		"firstperson_lefthand": {
			"rotation": [108.38, -7.91, -98.3],
			"translation": [-0.25, 5.25, 4.5],
			"scale": [0.44, 0.44, 0.44]
		},
		"ground": {
			"rotation": [90, 45, 0],
			"translation": [0, 2.5, 5],
			"scale": [0.66, 0.66, 0.66]
		},
		"gui": {
			"rotation": [90, -45, 0]
		},
		"head": {
			"rotation": [-90, -25, 0],
			"translation": [-2.75, 12.5, -7.5]
		},
		"fixed": {
			"rotation": [90, 45, 0],
			"translation": [0, 0, 7.5]
		}
	},
	"groups": [
		{
			"name": "group",
			"origin": [11.23, 0.625, 10.48],
			"color": 0,
			"nbt": "{}",
			"children": [0, 1, 2, 3, 4, 5, 6, 7, 8, 9, 10, 11, 12, 13]
		}
	]
}