{
	"credit": "Made by pikachurro",
	"texture_size": [32, 32],
	"textures": {
		"0": "item/netherite_axe"
	},
	"elements": [
		{
			"from": [7.3, -0.1, 3],
			"to": [8.7, 1.1, 16],
			"rotation": {"angle": 0, "axis": "z", "origin": [8.05, 0.5, 8]},
			"faces": {
				"north": {"uv": [1, 7, 2, 7.5], "texture": "#0"},
				"east": {"uv": [0, 0, 6.5, 0.5], "texture": "#0"},
				"south": {"uv": [1, 6.5, 2, 7], "texture": "#0"},
				"west": {"uv": [1.5, 0.5, 8, 1], "texture": "#0"},
				"up": {"uv": [2, 14.5, 1, 8], "texture": "#0"},
				"down": {"uv": [1, 1, 0, 7.5], "texture": "#0"}
			}
		},
		{
			"from": [6.79, -0.5, 1.815],
			"to": [9.04, 1.5, 4.265],
			"rotation": {"angle": 0, "axis": "y", "origin": [5.6375, 0.5, 2.6525]},
			"faces": {
				"north": {"uv": [3, 2, 4, 3], "texture": "#0"},
				"east": {"uv": [1, 3, 2, 4], "texture": "#0"},
				"south": {"uv": [3, 1, 4, 2], "texture": "#0"},
				"west": {"uv": [2, 3, 3, 4], "texture": "#0"},
				"up": {"uv": [4, 4, 3, 3], "rotation": 90, "texture": "#0"},
				"down": {"uv": [2, 4, 1, 5], "rotation": 270, "texture": "#0"}
			}
		},
		{
			"from": [7.401, -0.499, 3.751],
			"to": [8.599, 1.499, 4.499],
			"rotation": {"angle": 0, "axis": "y", "origin": [7, -0.5, 3.75]},
			"faces": {
				"north": {"uv": [5, 1, 5.5, 2], "texture": "#0"},
				"east": {"uv": [2, 5, 2.5, 6], "texture": "#0"},
				"south": {"uv": [2.5, 5, 3, 6], "texture": "#0"},
				"west": {"uv": [4, 5, 4.5, 6], "texture": "#0"},
				"up": {"uv": [6.5, 2.5, 6, 2], "texture": "#0"},
				"down": {"uv": [3, 6, 2.5, 6.5], "texture": "#0"}
			}
		},
		{
			"from": [7.29, -0.5, 1.115],
			"to": [8.54, 1.5, 1.815],
			"rotation": {"angle": 0, "axis": "y", "origin": [5.6375, 0.5, 2.6525]},
			"faces": {
				"north": {"uv": [5.5, 3, 6, 4], "texture": "#0"},
				"east": {"uv": [4.5, 5, 5, 6], "texture": "#0"},
				"south": {"uv": [5, 5, 5.5, 6], "texture": "#0"},
				"west": {"uv": [5.5, 1, 6, 2], "texture": "#0"},
				"up": {"uv": [6.5, 3, 6, 2.5], "rotation": 90, "texture": "#0"},
				"down": {"uv": [3.5, 6, 3, 6.5], "rotation": 270, "texture": "#0"}
			}
		},
		{
			"from": [6.9101, 0.1001, -3.2349],
			"to": [8.9099, 0.8999, -1.7351],
			"rotation": {"angle": 0, "axis": "y", "origin": [7.91, 0.5, -3.235]},
			"faces": {
				"north": {"uv": [2.5, 4, 3.5, 4.5], "texture": "#0"},
				"east": {"uv": [3.5, 6, 4, 6.5], "texture": "#0"},
				"south": {"uv": [4, 3, 5.5, 3.5], "texture": "#0"},
				"west": {"uv": [6, 3, 6.5, 3.5], "texture": "#0"},
				"up": {"uv": [3.5, 5.5, 3, 4.5], "rotation": 270, "texture": "#0"},
				"down": {"uv": [4, 4.5, 3.5, 5.5], "rotation": 90, "texture": "#0"}
			}
		},
		{
			"from": [5.76, 0.1, -2.485],
			"to": [9.96, 0.9, -0.985],
			"rotation": {"angle": 0, "axis": "y", "origin": [5.6375, 0.5, 2.6525]},
			"faces": {
				"north": {"uv": [4, 4.5, 5.5, 5], "texture": "#0"},
				"east": {"uv": [6, 3.5, 6.5, 4], "texture": "#0"},
				"south": {"uv": [4, 3.5, 5.5, 4], "texture": "#0"},
				"west": {"uv": [4, 6, 4.5, 6.5], "texture": "#0"},
				"up": {"uv": [1.5, 6.5, 1, 5], "rotation": 90, "texture": "#0"},
				"down": {"uv": [2, 5, 1.5, 6.5], "rotation": 270, "texture": "#0"}
			}
		},
		{
			"from": [5.39, 0, -1.485],
			"to": [10.38, 1, 2.015],
			"rotation": {"angle": 0, "axis": "y", "origin": [5.6375, 0.5, 2.6525]},
			"faces": {
				"north": {"uv": [4, 2.5, 6, 3], "texture": "#0"},
				"east": {"uv": [5.5, 5.5, 6.5, 6], "texture": "#0"},
				"south": {"uv": [4, 2, 6, 2.5], "texture": "#0"},
				"west": {"uv": [6, 1, 7, 1.5], "texture": "#0"},
				"up": {"uv": [2.5, 3, 1, 1], "rotation": 90, "texture": "#0"},
				"down": {"uv": [3, 1, 1.5, 3], "rotation": 270, "texture": "#0"}
			}
		}
	],
	"gui_light": "front",
	"display": {
		"thirdperson_righthand": {
			"rotation": [90, 0, 90],
			"translation": [-7.25, 4.5, 1]
		},
		"thirdperson_lefthand": {
			"rotation": [90, 0, -90],
			"translation": [7.25, 4.5, 1]
		},
		"firstperson_righthand": {
			"rotation": [109, 0, 90],
			"translation": [-5.5, 4.25, 4.75],
			"scale": [0.44, 0.44, 0.44]
		},
		"firstperson_lefthand": {
			"rotation": [109, 0, 90],
			"translation": [-5.5, 4.25, 4.75],
			"scale": [0.44, 0.44, 0.44]
		},
		"ground": {
			"rotation": [90, 45, 0],
			"translation": [0, 3.25, 6.5],
			"scale": [0.66, 0.66, 0.66]
		},
		"gui": {
			"rotation": [90, -45, 0],
			"translation": [0, -1.5, 0],
			"scale": [0.9, 0.9, 0.9]
		},
		"head": {
			"rotation": [-30, -45, 60],
			"translation": [-5.75, 13.75, -3.5]
		},
		"fixed": {
			"rotation": [-90, 135, 0],
			"translation": [0.25, -2, -7]
		}
	}
}