{
	"credit": "Made by pikachurro",
	"texture_size": [32, 32],
	"textures": {
		"1": "item/deeprock_pickaxe"
	},
	"elements": [
		{
			"from": [6.85, -0.6, 0],
			"to": [9.15, 1.1, 3.25],
			"rotation": {"angle": 0, "axis": "y", "origin": [7, 0, 0]},
			"faces": {
				"north": {"uv": [12.5, 4.5, 14, 5.5], "texture": "#1"},
				"east": {"uv": [12.5, 4, 14, 5], "texture": "#1"},
				"south": {"uv": [2.5, 2, 3.5, 3], "texture": "#1"},
				"west": {"uv": [0, 1, 1.5, 2], "texture": "#1"},
				"up": {"uv": [14, 1.5, 12.5, 0], "texture": "#1"},
				"down": {"uv": [14, 1.5, 12.5, 3], "texture": "#1"}
			}
		},
		{
			"from": [7.1, -0.5, 3.25],
			"to": [8.9, 1, 3.9],
			"rotation": {"angle": 0, "axis": "y", "origin": [7, 0, 0]},
			"faces": {
				"north": {"uv": [3, 5, 4, 6], "texture": "#1"},
				"east": {"uv": [3, 8.5, 3.5, 9.5], "texture": "#1"},
				"south": {"uv": [5, 3, 6, 4], "texture": "#1"},
				"west": {"uv": [8.5, 3, 9, 4], "texture": "#1"},
				"up": {"uv": [4.5, 9, 3.5, 8.5], "texture": "#1"},
				"down": {"uv": [9.5, 4, 8.5, 4.5], "texture": "#1"}
			}
		},
		{
			"from": [7, -0.4, 3.9],
			"to": [9, 0.9, 5.05],
			"rotation": {"angle": 0, "axis": "y", "origin": [7, 0, 0]},
			"faces": {
				"north": {"uv": [5, 5.5, 6, 6.5], "texture": "#1"},
				"east": {"uv": [4.5, 8.5, 5, 9.5], "texture": "#1"},
				"south": {"uv": [3, 6, 4, 7], "texture": "#1"},
				"west": {"uv": [8.5, 4.5, 9, 5.5], "texture": "#1"},
				"up": {"uv": [6, 9, 5, 8.5], "texture": "#1"},
				"down": {"uv": [9.5, 5.5, 8.5, 6], "texture": "#1"}
			}
		},
		{
			"from": [7.25, -0.35, 5.05],
			"to": [8.75, 0.85, 5.7],
			"rotation": {"angle": 0, "axis": "y", "origin": [7, 0, 0]},
			"faces": {
				"north": {"uv": [7, 8.5, 8, 9], "texture": "#1"},
				"east": {"uv": [0, 12, 0.5, 12.5], "texture": "#1"},
				"south": {"uv": [8, 8.5, 9, 9], "texture": "#1"},
				"west": {"uv": [12, 0, 12.5, 0.5], "texture": "#1"},
				"up": {"uv": [2, 9.5, 1, 9], "texture": "#1"},
				"down": {"uv": [10, 1, 9, 1.5], "texture": "#1"}
			}
		},
		{
			"from": [7.35, -0.25, 5.65],
			"to": [8.65, 0.75, 9.05],
			"rotation": {"angle": 0, "axis": "y", "origin": [7, 0, 0]},
			"faces": {
				"north": {"uv": [0.5, 12, 1, 12.5], "texture": "#1"},
				"east": {"uv": [7, 3.5, 8.5, 4], "texture": "#1"},
				"south": {"uv": [12, 0.5, 12.5, 1], "texture": "#1"},
				"west": {"uv": [7, 4, 8.5, 4.5], "texture": "#1"},
				"up": {"uv": [7.5, 6, 7, 4.5], "texture": "#1"},
				"down": {"uv": [6.5, 7, 6, 8.5], "texture": "#1"}
			}
		},
		{
			"from": [7.35, -0.25, 9.45],
			"to": [8.65, 0.75, 14.1],
			"rotation": {"angle": 0, "axis": "y", "origin": [7, 0, 0]},
			"faces": {
				"north": {"uv": [1, 12, 1.5, 12.5], "texture": "#1"},
				"east": {"uv": [2.5, 0, 5, 0.5], "texture": "#1"},
				"south": {"uv": [12, 1, 12.5, 1.5], "texture": "#1"},
				"west": {"uv": [2.5, 0.5, 5, 1], "texture": "#1"},
				"up": {"uv": [0.5, 4.5, 0, 2], "texture": "#1"},
				"down": {"uv": [1, 2, 0.5, 4.5], "texture": "#1"}
			}
		},
		{
			"from": [7.1, -0.5, 9.05],
			"to": [8.9, 1, 9.45],
			"rotation": {"angle": 0, "axis": "z", "origin": [7, 0, 0]},
			"faces": {
				"north": {"uv": [6, 3, 7, 4], "texture": "#1"},
				"east": {"uv": [6, 8.5, 6.5, 9.5], "texture": "#1"},
				"south": {"uv": [6, 5, 7, 6], "texture": "#1"},
				"west": {"uv": [2, 9, 2.5, 10], "texture": "#1"},
				"up": {"uv": [10, 2, 9, 1.5], "texture": "#1"},
				"down": {"uv": [10, 3, 9, 3.5], "texture": "#1"}
			}
		},
		{
			"from": [7.1, -0.5, 14.1],
			"to": [8.9, 1, 15.5],
			"rotation": {"angle": 0, "axis": "z", "origin": [7, 0, 0]},
			"faces": {
				"north": {"uv": [6, 6, 7, 7], "texture": "#1"},
				"east": {"uv": [2.5, 9, 3, 10], "texture": "#1"},
				"south": {"uv": [6.5, 1.5, 7.5, 2.5], "texture": "#1"},
				"west": {"uv": [3.5, 9, 4, 10], "texture": "#1"},
				"up": {"uv": [10, 4, 9, 3.5], "texture": "#1"},
				"down": {"uv": [10, 4.5, 9, 5], "texture": "#1"}
			}
		},
		{
			"from": [7.35, -0.25, 15.5],
			"to": [8.65, 0.75, 16],
			"rotation": {"angle": 0, "axis": "z", "origin": [7, 0, 0]},
			"faces": {
				"north": {"uv": [1.5, 12, 2, 12.5], "texture": "#1"},
				"east": {"uv": [12, 1.5, 12.5, 2], "texture": "#1"},
				"south": {"uv": [2, 12, 2.5, 12.5], "texture": "#1"},
				"west": {"uv": [12, 2, 12.5, 2.5], "texture": "#1"},
				"up": {"uv": [3, 12.5, 2.5, 12], "texture": "#1"},
				"down": {"uv": [12.5, 2.5, 12, 3], "texture": "#1"}
			}
		},
		{
			"from": [6, -0.4, 1],
			"to": [7, 0.8, 2.75],
			"rotation": {"angle": 0, "axis": "y", "origin": [7, 0, 1]},
			"faces": {
				"north": {"uv": [6.5, 2.5, 7, 3], "texture": "#1"},
				"east": {"uv": [5.5, 1.5, 6.5, 2], "texture": "#1"},
				"south": {"uv": [9.5, 2.5, 10, 3], "texture": "#1"},
				"west": {"uv": [7, 6, 8, 6.5], "texture": "#1"},
				"up": {"uv": [1.5, 3, 1, 2], "texture": "#1"},
				"down": {"uv": [7, 7, 6.5, 8], "texture": "#1"}
			}
		},
		{
			"from": [4.5, -0.4, 1.25],
			"to": [6, 0.8, 2.9],
			"rotation": {"angle": 0, "axis": "y", "origin": [6, 0, 1]},
			"faces": {
				"north": {"uv": [8, 6.5, 9, 7], "texture": "#1"},
				"east": {"uv": [8, 7, 9, 7.5], "texture": "#1"},
				"south": {"uv": [8, 7.5, 9, 8], "texture": "#1"},
				"west": {"uv": [8, 8, 9, 8.5], "texture": "#1"},
				"up": {"uv": [3, 5, 2, 4], "texture": "#1"},
				"down": {"uv": [4, 4, 3, 5], "texture": "#1"}
			}
		},
		{
			"from": [3, -0.4, 1.5],
			"to": [4.5, 0.8, 3],
			"rotation": {"angle": 0, "axis": "y", "origin": [4.5, 0, 1]},
			"faces": {
				"north": {"uv": [7.5, 4.5, 8.5, 5], "texture": "#1"},
				"east": {"uv": [5, 7.5, 6, 8], "texture": "#1"},
				"south": {"uv": [7.5, 5, 8.5, 5.5], "texture": "#1"},
				"west": {"uv": [7.5, 5.5, 8.5, 6], "texture": "#1"},
				"up": {"uv": [4, 4, 3, 3], "texture": "#1"},
				"down": {"uv": [4.5, 1, 3.5, 2], "texture": "#1"}
			}
		},
		{
			"from": [4.5, -0.65, 1],
			"to": [6, 1.05, 1.5],
			"rotation": {"angle": 0, "axis": "y", "origin": [6, 0, 1]},
			"faces": {
				"north": {"uv": [1, 7, 2, 8], "texture": "#1"},
				"east": {"uv": [8, 9, 8.5, 10], "texture": "#1"},
				"south": {"uv": [2, 7, 3, 8], "texture": "#1"},
				"west": {"uv": [9, 8, 9.5, 9], "texture": "#1"},
				"up": {"uv": [10, 5.5, 9, 5], "texture": "#1"},
				"down": {"uv": [9.5, 9, 8.5, 9.5], "texture": "#1"}
			}
		},
		{
			"from": [4.5, -0.65, 2.65],
			"to": [6, 1.05, 3.15],
			"rotation": {"angle": 0, "axis": "y", "origin": [6, 0, 1]},
			"faces": {
				"north": {"uv": [7, 2.5, 8, 3.5], "texture": "#1"},
				"east": {"uv": [0, 9.5, 0.5, 10.5], "texture": "#1"},
				"south": {"uv": [3, 7, 4, 8], "texture": "#1"},
				"west": {"uv": [9.5, 0, 10, 1], "texture": "#1"},
				"up": {"uv": [1.5, 10, 0.5, 9.5], "texture": "#1"},
				"down": {"uv": [10.5, 2, 9.5, 2.5], "texture": "#1"}
			}
		},
		{
			"from": [6, -0.65, 0.75],
			"to": [6.5, 1.05, 3.15],
			"rotation": {"angle": 0, "axis": "y", "origin": [7, 0, 1]},
			"faces": {
				"north": {"uv": [6.5, 9, 7, 10], "texture": "#1"},
				"east": {"uv": [5, 6.5, 6, 7.5], "texture": "#1"},
				"south": {"uv": [7, 9, 7.5, 10], "texture": "#1"},
				"west": {"uv": [7, 0, 8, 1], "texture": "#1"},
				"up": {"uv": [9.5, 8, 9, 7], "texture": "#1"},
				"down": {"uv": [8, 9, 7.5, 10], "texture": "#1"}
			}
		},
		{
			"from": [5.5, -0.65, 1.75],
			"to": [6, 1.05, 2.4],
			"rotation": {"angle": 0, "axis": "y", "origin": [7, 0, 1]},
			"faces": {
				"north": {"uv": [1.5, 9.5, 2, 10.5], "texture": "#1"},
				"east": {"uv": [3, 9.5, 3.5, 10.5], "texture": "#1"},
				"south": {"uv": [4.5, 9.5, 5, 10.5], "texture": "#1"},
				"west": {"uv": [9.5, 5.5, 10, 6.5], "texture": "#1"},
				"up": {"uv": [4, 12.5, 3.5, 12], "texture": "#1"},
				"down": {"uv": [12.5, 3.5, 12, 4], "texture": "#1"}
			}
		},
		{
			"from": [3.5, -0.65, 1.25],
			"to": [4.5, 1.05, 1.75],
			"rotation": {"angle": 0, "axis": "y", "origin": [4.5, 0, 1]},
			"faces": {
				"north": {"uv": [4, 9, 4.5, 10], "texture": "#1"},
				"east": {"uv": [5, 9, 5.5, 10], "texture": "#1"},
				"south": {"uv": [5.5, 9, 6, 10], "texture": "#1"},
				"west": {"uv": [9, 6, 9.5, 7], "texture": "#1"},
				"up": {"uv": [3.5, 12.5, 3, 12], "texture": "#1"},
				"down": {"uv": [12.5, 3, 12, 3.5], "texture": "#1"}
			}
		},
		{
			"from": [0, -0.65, 2.6],
			"to": [1.5, 1.05, 3.1],
			"rotation": {"angle": 22.5, "axis": "y", "origin": [1.5, 1, 2.9]},
			"faces": {
				"north": {"uv": [1.5, 8, 2, 9], "texture": "#1"},
				"east": {"uv": [2, 8, 2.5, 9], "texture": "#1"},
				"south": {"uv": [2.5, 8, 3, 9], "texture": "#1"},
				"west": {"uv": [8, 2.5, 8.5, 3.5], "texture": "#1"},
				"up": {"uv": [10, 8, 9.5, 7.5], "texture": "#1"},
				"down": {"uv": [10, 8, 9.5, 8.5], "texture": "#1"}
			}
		},
		{
			"from": [1.5, -0.65, 2.4],
			"to": [3.5, 1.05, 3.4],
			"rotation": {"angle": 22.5, "axis": "y", "origin": [1.5, 1, 2.9]},
			"faces": {
				"north": {"uv": [0, 4.5, 1, 5.5], "texture": "#1"},
				"east": {"uv": [0.5, 8.5, 1, 9.5], "texture": "#1"},
				"south": {"uv": [4.5, 1, 5.5, 2], "texture": "#1"},
				"west": {"uv": [8.5, 1, 9, 2], "texture": "#1"},
				"up": {"uv": [9.5, 2.5, 8.5, 2], "texture": "#1"},
				"down": {"uv": [9.5, 2.5, 8.5, 3], "texture": "#1"}
			}
		},
		{
			"from": [9, 0.7, 3],
			"to": [9.5, 1.25, 4],
			"faces": {
				"north": {"uv": [8.5, 9.5, 9, 10], "texture": "#1"},
				"east": {"uv": [9.5, 8.5, 10, 9], "texture": "#1"},
				"south": {"uv": [9, 9.5, 9.5, 10], "texture": "#1"},
				"west": {"uv": [9.5, 9, 10, 9.5], "texture": "#1"},
				"up": {"uv": [10, 10, 9.5, 9.5], "texture": "#1"},
				"down": {"uv": [10.5, 0, 10, 0.5], "texture": "#1"}
			}
		},
		{
			"from": [6.5, 0.7, 3],
			"to": [7, 1.25, 4],
			"faces": {
				"north": {"uv": [0.5, 10, 1, 10.5], "texture": "#1"},
				"east": {"uv": [10, 0.5, 10.5, 1], "texture": "#1"},
				"south": {"uv": [1, 10, 1.5, 10.5], "texture": "#1"},
				"west": {"uv": [10, 1, 10.5, 1.5], "texture": "#1"},
				"up": {"uv": [10.5, 2, 10, 1.5], "texture": "#1"},
				"down": {"uv": [2.5, 10, 2, 10.5], "texture": "#1"}
			}
		},
		{
			"from": [6.5, 0.7, 4.5],
			"to": [7, 1.25, 5],
			"faces": {
				"north": {"uv": [10, 3.5, 10.5, 4], "texture": "#1"},
				"east": {"uv": [4, 10, 4.5, 10.5], "texture": "#1"},
				"south": {"uv": [10, 4, 10.5, 4.5], "texture": "#1"},
				"west": {"uv": [10, 4.5, 10.5, 5], "texture": "#1"},
				"up": {"uv": [5.5, 10.5, 5, 10], "texture": "#1"},
				"down": {"uv": [10.5, 5, 10, 5.5], "texture": "#1"}
			}
		},
		{
			"from": [7.25, 0.7, 4.5],
			"to": [7.75, 1.25, 5],
			"faces": {
				"north": {"uv": [5.5, 10, 6, 10.5], "texture": "#1"},
				"east": {"uv": [10, 5.5, 10.5, 6], "texture": "#1"},
				"south": {"uv": [6, 10, 6.5, 10.5], "texture": "#1"},
				"west": {"uv": [10, 6, 10.5, 6.5], "texture": "#1"},
				"up": {"uv": [7, 10.5, 6.5, 10], "texture": "#1"},
				"down": {"uv": [10.5, 6.5, 10, 7], "texture": "#1"}
			}
		},
		{
			"from": [7.75, 0.7, 4.6],
			"to": [8.25, 1.25, 4.9],
			"faces": {
				"north": {"uv": [11, 11, 11.5, 11.5], "texture": "#1"},
				"east": {"uv": [0, 11.5, 0.5, 12], "texture": "#1"},
				"south": {"uv": [11.5, 0, 12, 0.5], "texture": "#1"},
				"west": {"uv": [0.5, 11.5, 1, 12], "texture": "#1"},
				"up": {"uv": [12, 1, 11.5, 0.5], "texture": "#1"},
				"down": {"uv": [1.5, 11.5, 1, 12], "texture": "#1"}
			}
		},
		{
			"from": [7, 0.7, 4.6],
			"to": [7.25, 1.25, 4.9],
			"faces": {
				"north": {"uv": [11.5, 1, 12, 1.5], "texture": "#1"},
				"east": {"uv": [1.5, 11.5, 2, 12], "texture": "#1"},
				"south": {"uv": [11.5, 1.5, 12, 2], "texture": "#1"},
				"west": {"uv": [2, 11.5, 2.5, 12], "texture": "#1"},
				"up": {"uv": [12, 2.5, 11.5, 2], "texture": "#1"},
				"down": {"uv": [3, 11.5, 2.5, 12], "texture": "#1"}
			}
		},
		{
			"from": [8.75, 0.7, 4.6],
			"to": [9, 1.25, 4.9],
			"faces": {
				"north": {"uv": [11.5, 2.5, 12, 3], "texture": "#1"},
				"east": {"uv": [3, 11.5, 3.5, 12], "texture": "#1"},
				"south": {"uv": [11.5, 3, 12, 3.5], "texture": "#1"},
				"west": {"uv": [3.5, 11.5, 4, 12], "texture": "#1"},
				"up": {"uv": [12, 4, 11.5, 3.5], "texture": "#1"},
				"down": {"uv": [4.5, 11.5, 4, 12], "texture": "#1"}
			}
		},
		{
			"from": [8.75, -0.75, 4.6],
			"to": [9, -0.2, 4.9],
			"faces": {
				"north": {"uv": [11.5, 7, 12, 7.5], "texture": "#1"},
				"east": {"uv": [7.5, 11.5, 8, 12], "texture": "#1"},
				"south": {"uv": [11.5, 7.5, 12, 8], "texture": "#1"},
				"west": {"uv": [8, 11.5, 8.5, 12], "texture": "#1"},
				"up": {"uv": [12, 8.5, 11.5, 8], "texture": "#1"},
				"down": {"uv": [9, 11.5, 8.5, 12], "texture": "#1"}
			}
		},
		{
			"from": [7, -0.75, 4.6],
			"to": [7.25, -0.2, 4.9],
			"faces": {
				"north": {"uv": [11.5, 5.5, 12, 6], "texture": "#1"},
				"east": {"uv": [6, 11.5, 6.5, 12], "texture": "#1"},
				"south": {"uv": [11.5, 6, 12, 6.5], "texture": "#1"},
				"west": {"uv": [6.5, 11.5, 7, 12], "texture": "#1"},
				"up": {"uv": [12, 7, 11.5, 6.5], "texture": "#1"},
				"down": {"uv": [7.5, 11.5, 7, 12], "texture": "#1"}
			}
		},
		{
			"from": [7.75, -0.75, 4.6],
			"to": [8.25, -0.2, 4.9],
			"faces": {
				"north": {"uv": [11.5, 4, 12, 4.5], "texture": "#1"},
				"east": {"uv": [4.5, 11.5, 5, 12], "texture": "#1"},
				"south": {"uv": [11.5, 4.5, 12, 5], "texture": "#1"},
				"west": {"uv": [5, 11.5, 5.5, 12], "texture": "#1"},
				"up": {"uv": [12, 5.5, 11.5, 5], "texture": "#1"},
				"down": {"uv": [6, 11.5, 5.5, 12], "texture": "#1"}
			}
		},
		{
			"from": [6.5, -0.25, 4.6],
			"to": [6.8, 0.95, 4.9],
			"rotation": {"angle": 0, "axis": "z", "origin": [8, 0.35, 4.75]},
			"faces": {
				"north": {"uv": [11.5, 8.5, 12, 9], "texture": "#1"},
				"east": {"uv": [9, 11.5, 9.5, 12], "texture": "#1"},
				"south": {"uv": [11.5, 9, 12, 9.5], "texture": "#1"},
				"west": {"uv": [9.5, 11.5, 10, 12], "texture": "#1"},
				"up": {"uv": [12, 10, 11.5, 9.5], "texture": "#1"},
				"down": {"uv": [10.5, 11.5, 10, 12], "texture": "#1"}
			}
		},
		{
			"from": [9.2, -0.25, 4.6],
			"to": [9.5, 0.95, 4.9],
			"rotation": {"angle": 0, "axis": "z", "origin": [8, 0.35, 4.75]},
			"faces": {
				"north": {"uv": [11.5, 10, 12, 10.5], "texture": "#1"},
				"east": {"uv": [10.5, 11.5, 11, 12], "texture": "#1"},
				"south": {"uv": [11.5, 10.5, 12, 11], "texture": "#1"},
				"west": {"uv": [11, 11.5, 11.5, 12], "texture": "#1"},
				"up": {"uv": [12, 11.5, 11.5, 11], "texture": "#1"},
				"down": {"uv": [12, 11.5, 11.5, 12], "texture": "#1"}
			}
		},
		{
			"from": [8.25, 0.7, 4.5],
			"to": [8.75, 1.25, 5],
			"faces": {
				"north": {"uv": [7, 10, 7.5, 10.5], "texture": "#1"},
				"east": {"uv": [10, 7, 10.5, 7.5], "texture": "#1"},
				"south": {"uv": [7.5, 10, 8, 10.5], "texture": "#1"},
				"west": {"uv": [10, 7.5, 10.5, 8], "texture": "#1"},
				"up": {"uv": [8.5, 10.5, 8, 10], "texture": "#1"},
				"down": {"uv": [10.5, 8, 10, 8.5], "texture": "#1"}
			}
		},
		{
			"from": [9, 0.7, 4.5],
			"to": [9.5, 1.25, 5],
			"faces": {
				"north": {"uv": [8.5, 10, 9, 10.5], "texture": "#1"},
				"east": {"uv": [10, 8.5, 10.5, 9], "texture": "#1"},
				"south": {"uv": [9, 10, 9.5, 10.5], "texture": "#1"},
				"west": {"uv": [10, 9, 10.5, 9.5], "texture": "#1"},
				"up": {"uv": [10, 10.5, 9.5, 10], "texture": "#1"},
				"down": {"uv": [10.5, 9.5, 10, 10], "texture": "#1"}
			}
		},
		{
			"from": [6.55, 0.78, 4],
			"to": [6.95, 1.18, 4.5],
			"faces": {
				"north": {"uv": [10.5, 4, 11, 4.5], "texture": "#1"},
				"east": {"uv": [4.5, 10.5, 5, 11], "texture": "#1"},
				"south": {"uv": [10.5, 4.5, 11, 5], "texture": "#1"},
				"west": {"uv": [5, 10.5, 5.5, 11], "texture": "#1"},
				"up": {"uv": [11, 5.5, 10.5, 5], "texture": "#1"},
				"down": {"uv": [6, 10.5, 5.5, 11], "texture": "#1"}
			}
		},
		{
			"from": [7.3, 0.78, 4],
			"to": [7.7, 1.18, 4.5],
			"faces": {
				"north": {"uv": [10.5, 2.5, 11, 3], "texture": "#1"},
				"east": {"uv": [3, 10.5, 3.5, 11], "texture": "#1"},
				"south": {"uv": [10.5, 3, 11, 3.5], "texture": "#1"},
				"west": {"uv": [3.5, 10.5, 4, 11], "texture": "#1"},
				"up": {"uv": [11, 4, 10.5, 3.5], "texture": "#1"},
				"down": {"uv": [4.5, 10.5, 4, 11], "texture": "#1"}
			}
		},
		{
			"from": [8.3, 0.78, 4],
			"to": [8.7, 1.18, 4.5],
			"faces": {
				"north": {"uv": [10.5, 1, 11, 1.5], "texture": "#1"},
				"east": {"uv": [1.5, 10.5, 2, 11], "texture": "#1"},
				"south": {"uv": [10.5, 1.5, 11, 2], "texture": "#1"},
				"west": {"uv": [2, 10.5, 2.5, 11], "texture": "#1"},
				"up": {"uv": [11, 2.5, 10.5, 2], "texture": "#1"},
				"down": {"uv": [3, 10.5, 2.5, 11], "texture": "#1"}
			}
		},
		{
			"from": [9.05, 0.78, 4],
			"to": [9.45, 1.18, 4.5],
			"faces": {
				"north": {"uv": [10, 10, 10.5, 10.5], "texture": "#1"},
				"east": {"uv": [0, 10.5, 0.5, 11], "texture": "#1"},
				"south": {"uv": [10.5, 0, 11, 0.5], "texture": "#1"},
				"west": {"uv": [0.5, 10.5, 1, 11], "texture": "#1"},
				"up": {"uv": [11, 1, 10.5, 0.5], "texture": "#1"},
				"down": {"uv": [1.5, 10.5, 1, 11], "texture": "#1"}
			}
		},
		{
			"from": [7.25, 0.7, 0.5],
			"to": [7.75, 1.25, 4],
			"faces": {
				"north": {"uv": [2.5, 10, 3, 10.5], "texture": "#1"},
				"east": {"uv": [4.5, 2, 6.5, 2.5], "texture": "#1"},
				"south": {"uv": [10, 2.5, 10.5, 3], "texture": "#1"},
				"west": {"uv": [4.5, 2.5, 6.5, 3], "texture": "#1"},
				"up": {"uv": [1.5, 7, 1, 5], "texture": "#1"},
				"down": {"uv": [2, 5, 1.5, 7], "texture": "#1"}
			}
		},
		{
			"from": [8.25, 0.7, 0.5],
			"to": [8.75, 1.25, 4],
			"faces": {
				"north": {"uv": [10, 3, 10.5, 3.5], "texture": "#1"},
				"east": {"uv": [5, 0, 7, 0.5], "texture": "#1"},
				"south": {"uv": [3.5, 10, 4, 10.5], "texture": "#1"},
				"west": {"uv": [5, 0.5, 7, 1], "texture": "#1"},
				"up": {"uv": [2.5, 7, 2, 5], "texture": "#1"},
				"down": {"uv": [3, 5, 2.5, 7], "texture": "#1"}
			}
		},
		{
			"from": [6.55, -0.67, 4],
			"to": [6.95, -0.27, 4.5],
			"faces": {
				"north": {"uv": [9.5, 11, 10, 11.5], "texture": "#1"},
				"east": {"uv": [11, 9.5, 11.5, 10], "texture": "#1"},
				"south": {"uv": [10, 11, 10.5, 11.5], "texture": "#1"},
				"west": {"uv": [11, 10, 11.5, 10.5], "texture": "#1"},
				"up": {"uv": [11, 11.5, 10.5, 11], "texture": "#1"},
				"down": {"uv": [11.5, 10.5, 11, 11], "texture": "#1"}
			}
		},
		{
			"from": [7.3, -0.67, 4],
			"to": [7.7, -0.27, 4.5],
			"faces": {
				"north": {"uv": [8, 11, 8.5, 11.5], "texture": "#1"},
				"east": {"uv": [11, 8, 11.5, 8.5], "texture": "#1"},
				"south": {"uv": [8.5, 11, 9, 11.5], "texture": "#1"},
				"west": {"uv": [11, 8.5, 11.5, 9], "texture": "#1"},
				"up": {"uv": [9.5, 11.5, 9, 11], "texture": "#1"},
				"down": {"uv": [11.5, 9, 11, 9.5], "texture": "#1"}
			}
		},
		{
			"from": [8.3, -0.67, 4],
			"to": [8.7, -0.27, 4.5],
			"faces": {
				"north": {"uv": [6.5, 11, 7, 11.5], "texture": "#1"},
				"east": {"uv": [11, 6.5, 11.5, 7], "texture": "#1"},
				"south": {"uv": [7, 11, 7.5, 11.5], "texture": "#1"},
				"west": {"uv": [11, 7, 11.5, 7.5], "texture": "#1"},
				"up": {"uv": [8, 11.5, 7.5, 11], "texture": "#1"},
				"down": {"uv": [11.5, 7.5, 11, 8], "texture": "#1"}
			}
		},
		{
			"from": [9.05, -0.67, 4],
			"to": [9.45, -0.27, 4.5],
			"rotation": {"angle": 0, "axis": "y", "origin": [16, 0, 0]},
			"faces": {
				"north": {"uv": [10, 11, 9.5, 11.5], "texture": "#1"},
				"east": {"uv": [11.5, 10, 11, 10.5], "texture": "#1"},
				"south": {"uv": [10.5, 11, 10, 11.5], "texture": "#1"},
				"west": {"uv": [11.5, 9.5, 11, 10], "texture": "#1"},
				"up": {"uv": [10.5, 11.5, 11, 11], "texture": "#1"},
				"down": {"uv": [11, 10.5, 11.5, 11], "texture": "#1"}
			}
		},
		{
			"from": [6.5, -0.75, 4.5],
			"to": [7, -0.2, 5],
			"faces": {
				"north": {"uv": [3.5, 11, 4, 11.5], "texture": "#1"},
				"east": {"uv": [11, 3.5, 11.5, 4], "texture": "#1"},
				"south": {"uv": [4, 11, 4.5, 11.5], "texture": "#1"},
				"west": {"uv": [11, 4, 11.5, 4.5], "texture": "#1"},
				"up": {"uv": [5, 11.5, 4.5, 11], "texture": "#1"},
				"down": {"uv": [11.5, 4.5, 11, 5], "texture": "#1"}
			}
		},
		{
			"from": [6.5, -0.75, 3],
			"to": [7, -0.2, 4],
			"faces": {
				"north": {"uv": [2, 11, 2.5, 11.5], "texture": "#1"},
				"east": {"uv": [11, 2, 11.5, 2.5], "texture": "#1"},
				"south": {"uv": [2.5, 11, 3, 11.5], "texture": "#1"},
				"west": {"uv": [11, 2.5, 11.5, 3], "texture": "#1"},
				"up": {"uv": [3.5, 11.5, 3, 11], "texture": "#1"},
				"down": {"uv": [11.5, 3, 11, 3.5], "texture": "#1"}
			}
		},
		{
			"from": [7.25, -0.75, 0.5],
			"to": [7.75, -0.2, 4],
			"rotation": {"angle": 0, "axis": "y", "origin": [16, 0, 0]},
			"faces": {
				"north": {"uv": [11, 5.5, 10.5, 6], "texture": "#1"},
				"east": {"uv": [7, 4, 5, 4.5], "texture": "#1"},
				"south": {"uv": [6.5, 10.5, 6, 11], "texture": "#1"},
				"west": {"uv": [6, 5, 4, 5.5], "texture": "#1"},
				"up": {"uv": [0, 7.5, 0.5, 5.5], "texture": "#1"},
				"down": {"uv": [0.5, 5.5, 1, 7.5], "texture": "#1"}
			}
		},
		{
			"from": [7.25, -0.75, 4.5],
			"to": [7.75, -0.2, 5],
			"faces": {
				"north": {"uv": [0, 11, 0.5, 11.5], "texture": "#1"},
				"east": {"uv": [11, 0, 11.5, 0.5], "texture": "#1"},
				"south": {"uv": [0.5, 11, 1, 11.5], "texture": "#1"},
				"west": {"uv": [11, 0.5, 11.5, 1], "texture": "#1"},
				"up": {"uv": [1.5, 11.5, 1, 11], "texture": "#1"},
				"down": {"uv": [11.5, 1, 11, 1.5], "texture": "#1"}
			}
		},
		{
			"from": [8.25, -0.75, 4.5],
			"to": [8.75, -0.2, 5],
			"faces": {
				"north": {"uv": [10.5, 9, 11, 9.5], "texture": "#1"},
				"east": {"uv": [9.5, 10.5, 10, 11], "texture": "#1"},
				"south": {"uv": [10.5, 9.5, 11, 10], "texture": "#1"},
				"west": {"uv": [10, 10.5, 10.5, 11], "texture": "#1"},
				"up": {"uv": [11, 10.5, 10.5, 10], "texture": "#1"},
				"down": {"uv": [11, 10.5, 10.5, 11], "texture": "#1"}
			}
		},
		{
			"from": [9, -0.75, 4.5],
			"to": [9.5, -0.2, 5],
			"rotation": {"angle": 0, "axis": "y", "origin": [16, 0, 0]},
			"faces": {
				"north": {"uv": [4, 11, 3.5, 11.5], "texture": "#1"},
				"east": {"uv": [11.5, 4, 11, 4.5], "texture": "#1"},
				"south": {"uv": [4.5, 11, 4, 11.5], "texture": "#1"},
				"west": {"uv": [11.5, 3.5, 11, 4], "texture": "#1"},
				"up": {"uv": [4.5, 11.5, 5, 11], "texture": "#1"},
				"down": {"uv": [11, 4.5, 11.5, 5], "texture": "#1"}
			}
		},
		{
			"from": [8.25, -0.75, 0.5],
			"to": [8.75, -0.2, 4],
			"faces": {
				"north": {"uv": [10.5, 5.5, 11, 6], "texture": "#1"},
				"east": {"uv": [4, 5, 6, 5.5], "texture": "#1"},
				"south": {"uv": [6, 10.5, 6.5, 11], "texture": "#1"},
				"west": {"uv": [5, 4, 7, 4.5], "texture": "#1"},
				"up": {"uv": [0.5, 7.5, 0, 5.5], "texture": "#1"},
				"down": {"uv": [1, 5.5, 0.5, 7.5], "texture": "#1"}
			}
		},
		{
			"from": [9, -0.4, 1],
			"to": [10, 0.8, 2.75],
			"rotation": {"angle": 0, "axis": "y", "origin": [9, 0, 1]},
			"faces": {
				"north": {"uv": [7, 2.5, 6.5, 3], "texture": "#1"},
				"east": {"uv": [8, 6, 7, 6.5], "texture": "#1"},
				"south": {"uv": [10, 2.5, 9.5, 3], "texture": "#1"},
				"west": {"uv": [6.5, 1.5, 5.5, 2], "texture": "#1"},
				"up": {"uv": [1, 3, 1.5, 2], "texture": "#1"},
				"down": {"uv": [6.5, 7, 7, 8], "texture": "#1"}
			}
		},
		{
			"from": [11.5, -0.4, 1.5],
			"to": [13, 0.8, 3],
			"rotation": {"angle": 0, "axis": "y", "origin": [11.5, 0, 1]},
			"faces": {
				"north": {"uv": [8.5, 4.5, 7.5, 5], "texture": "#1"},
				"east": {"uv": [8.5, 5.5, 7.5, 6], "texture": "#1"},
				"south": {"uv": [8.5, 5, 7.5, 5.5], "texture": "#1"},
				"west": {"uv": [6, 7.5, 5, 8], "texture": "#1"},
				"up": {"uv": [3, 4, 4, 3], "texture": "#1"},
				"down": {"uv": [3.5, 1, 4.5, 2], "texture": "#1"}
			}
		},
		{
			"from": [14.5, -0.65, 2.6],
			"to": [16, 1.05, 3.1],
			"rotation": {"angle": -22.5, "axis": "y", "origin": [14.5, 1, 2.9]},
			"faces": {
				"north": {"uv": [2, 8, 1.5, 9], "texture": "#1"},
				"east": {"uv": [8.5, 2.5, 8, 3.5], "texture": "#1"},
				"south": {"uv": [3, 8, 2.5, 9], "texture": "#1"},
				"west": {"uv": [2.5, 8, 2, 9], "texture": "#1"},
				"up": {"uv": [9.5, 8, 10, 7.5], "texture": "#1"},
				"down": {"uv": [9.5, 8, 10, 8.5], "texture": "#1"}
			}
		},
		{
			"from": [10, -0.4, 1.25],
			"to": [11.5, 0.8, 2.9],
			"rotation": {"angle": 0, "axis": "y", "origin": [10, 0, 1]},
			"faces": {
				"north": {"uv": [9, 6.5, 8, 7], "texture": "#1"},
				"east": {"uv": [9, 8, 8, 8.5], "texture": "#1"},
				"south": {"uv": [9, 7.5, 8, 8], "texture": "#1"},
				"west": {"uv": [9, 7, 8, 7.5], "texture": "#1"},
				"up": {"uv": [2, 5, 3, 4], "texture": "#1"},
				"down": {"uv": [3, 4, 4, 5], "texture": "#1"}
			}
		},
		{
			"from": [12.5, -0.65, 2.4],
			"to": [14.5, 1.05, 3.4],
			"rotation": {"angle": -22.5, "axis": "y", "origin": [14.5, 1, 2.9]},
			"faces": {
				"north": {"uv": [1, 4.5, 0, 5.5], "texture": "#1"},
				"east": {"uv": [9, 1, 8.5, 2], "texture": "#1"},
				"south": {"uv": [5.5, 1, 4.5, 2], "texture": "#1"},
				"west": {"uv": [1, 8.5, 0.5, 9.5], "texture": "#1"},
				"up": {"uv": [8.5, 2.5, 9.5, 2], "texture": "#1"},
				"down": {"uv": [8.5, 2.5, 9.5, 3], "texture": "#1"}
			}
		},
		{
			"from": [11.5, -0.65, 1.25],
			"to": [12.5, 1.05, 1.75],
			"rotation": {"angle": 0, "axis": "y", "origin": [11.5, 0, 1]},
			"faces": {
				"north": {"uv": [4.5, 9, 4, 10], "texture": "#1"},
				"east": {"uv": [9.5, 6, 9, 7], "texture": "#1"},
				"south": {"uv": [6, 9, 5.5, 10], "texture": "#1"},
				"west": {"uv": [5.5, 9, 5, 10], "texture": "#1"},
				"up": {"uv": [3, 12.5, 3.5, 12], "texture": "#1"},
				"down": {"uv": [12, 3, 12.5, 3.5], "texture": "#1"}
			}
		},
		{
			"from": [9.5, -0.65, 0.75],
			"to": [10, 1.05, 3.15],
			"rotation": {"angle": 0, "axis": "y", "origin": [9, 0, 1]},
			"faces": {
				"north": {"uv": [7, 9, 6.5, 10], "texture": "#1"},
				"east": {"uv": [8, 0, 7, 1], "texture": "#1"},
				"south": {"uv": [7.5, 9, 7, 10], "texture": "#1"},
				"west": {"uv": [6, 6.5, 5, 7.5], "texture": "#1"},
				"up": {"uv": [9, 8, 9.5, 7], "texture": "#1"},
				"down": {"uv": [7.5, 9, 8, 10], "texture": "#1"}
			}
		},
		{
			"from": [10, -0.65, 1],
			"to": [11.5, 1.05, 1.5],
			"rotation": {"angle": 0, "axis": "y", "origin": [10, 0, 1]},
			"faces": {
				"north": {"uv": [2, 7, 1, 8], "texture": "#1"},
				"east": {"uv": [9.5, 8, 9, 9], "texture": "#1"},
				"south": {"uv": [3, 7, 2, 8], "texture": "#1"},
				"west": {"uv": [8.5, 9, 8, 10], "texture": "#1"},
				"up": {"uv": [9, 5.5, 10, 5], "texture": "#1"},
				"down": {"uv": [8.5, 9, 9.5, 9.5], "texture": "#1"}
			}
		},
		{
			"from": [10, -0.65, 2.65],
			"to": [11.5, 1.05, 3.15],
			"rotation": {"angle": 0, "axis": "y", "origin": [10, 0, 1]},
			"faces": {
				"north": {"uv": [8, 2.5, 7, 3.5], "texture": "#1"},
				"east": {"uv": [10, 0, 9.5, 1], "texture": "#1"},
				"south": {"uv": [4, 7, 3, 8], "texture": "#1"},
				"west": {"uv": [0.5, 9.5, 0, 10.5], "texture": "#1"},
				"up": {"uv": [0.5, 10, 1.5, 9.5], "texture": "#1"},
				"down": {"uv": [9.5, 2, 10.5, 2.5], "texture": "#1"}
			}
		},
		{
			"from": [10, -0.65, 1.75],
			"to": [10.5, 1.05, 2.4],
			"rotation": {"angle": 0, "axis": "y", "origin": [9, 0, 1]},
			"faces": {
				"north": {"uv": [2, 9.5, 1.5, 10.5], "texture": "#1"},
				"east": {"uv": [10, 5.5, 9.5, 6.5], "texture": "#1"},
				"south": {"uv": [5, 9.5, 4.5, 10.5], "texture": "#1"},
				"west": {"uv": [3.5, 9.5, 3, 10.5], "texture": "#1"},
				"up": {"uv": [3.5, 12.5, 4, 12], "texture": "#1"},
				"down": {"uv": [12, 3.5, 12.5, 4], "texture": "#1"}
			}
		},
		{
			"from": [9, -0.75, 3],
			"to": [9.5, -0.2, 4],
			"rotation": {"angle": 0, "axis": "y", "origin": [16, 0, 0]},
			"faces": {
				"north": {"uv": [2.5, 11, 2, 11.5], "texture": "#1"},
				"east": {"uv": [11.5, 2.5, 11, 3], "texture": "#1"},
				"south": {"uv": [3, 11, 2.5, 11.5], "texture": "#1"},
				"west": {"uv": [11.5, 2, 11, 2.5], "texture": "#1"},
				"up": {"uv": [3, 11.5, 3.5, 11], "texture": "#1"},
				"down": {"uv": [11, 3, 11.5, 3.5], "texture": "#1"}
			}
		}
	],
	"gui_light": "front",
	"display": {
		"thirdperson_righthand": {
			"rotation": [90, 0, 90],
			"translation": [-7.25, 4.5, 1]
		},
		"thirdperson_lefthand": {
			"rotation": [90, 0, 90],
			"translation": [-7.25, 4.5, 1]
		},
		"firstperson_righthand": {
			"rotation": [109, 0, 90],
			"translation": [-5.75, 4.75, 5],
			"scale": [0.44, 0.44, 0.44]
		},
		"firstperson_lefthand": {
			"rotation": [109, 0, 90],
			"translation": [-5.75, 4.75, 5],
			"scale": [0.44, 0.44, 0.44]
		},
		"ground": {
			"rotation": [90, 45, 0],
			"translation": [0, 3.25, 6.5],
			"scale": [0.66, 0.66, 0.66]
		},
		"gui": {
			"rotation": [90, -45, 0],
			"translation": [-1.5, -1.5, 0]
		},
		"head": {
			"rotation": [-30, -45, 60],
			"translation": [-5.75, 13.75, -3.5]
		},
		"fixed": {
			"rotation": [90, 45, 0],
			"translation": [0, -0.75, 7.5]
		}
	}
}