{
	"credit": "Made by pikachurro",
	"texture_size": [32, 32],
	"textures": {
		"0": "item/master_sword"
	},
	"elements": [
		{
			"from": [7.25, -0.16, 12],
			"to": [8.75, 1.09, 17.1],
			"rotation": {"angle": 0, "axis": "y", "origin": [8, 0.975, 7.375]},
			"faces": {
				"north": {"uv": [6.5, 3, 7.5, 3.5], "texture": "#0"},
				"east": {"uv": [4, 3, 6.5, 3.5], "texture": "#0"},
				"south": {"uv": [6.5, 4.5, 7.5, 5], "texture": "#0"},
				"west": {"uv": [2, 4.5, 4.5, 5], "texture": "#0"},
				"up": {"uv": [3, 3.5, 2, 1], "texture": "#0"},
				"down": {"uv": [4, 1, 3, 3.5], "texture": "#0"}
			}
		},
		{
			"from": [7.04, 0.25, -10],
			"to": [8.96, 0.7, 2.25],
			"rotation": {"angle": 0, "axis": "y", "origin": [8, 0.375, -0.375]},
			"faces": {
				"north": {"uv": [5, 6.5, 6, 7], "texture": "#0"},
				"east": {"uv": [2, 0, 8, 0.5], "texture": "#0"},
				"south": {"uv": [6.5, 5, 7.5, 5.5], "texture": "#0"},
				"west": {"uv": [2, 0.5, 8, 1], "texture": "#0"},
				"up": {"uv": [1, 6, 0, 0], "texture": "#0"},
				"down": {"uv": [2, 0, 1, 6], "texture": "#0"}
			}
		},
		{
			"from": [7.04, 0.25, 2.25],
			"to": [8.96, 0.7, 4.5],
			"rotation": {"angle": 0, "axis": "y", "origin": [8, 0.375, 7.625]},
			"faces": {
				"north": {"uv": [6, 6.5, 7, 7], "texture": "#0"},
				"east": {"uv": [0, 7, 1, 7.5], "texture": "#0"},
				"south": {"uv": [1, 7, 2, 7.5], "texture": "#0"},
				"west": {"uv": [2, 7, 3, 7.5], "texture": "#0"},
				"up": {"uv": [5.5, 5.5, 4.5, 4.5], "texture": "#0"},
				"down": {"uv": [3, 5, 2, 6], "texture": "#0"}
			}
		},
		{
			"from": [7.04, 0.25, 7],
			"to": [8.96, 0.7, 9],
			"rotation": {"angle": 0, "axis": "y", "origin": [8, 0.375, 12.125]},
			"faces": {
				"north": {"uv": [3, 7, 4, 7.5], "texture": "#0"},
				"east": {"uv": [5, 7, 6, 7.5], "texture": "#0"},
				"south": {"uv": [6, 7, 7, 7.5], "texture": "#0"},
				"west": {"uv": [7, 6.5, 8, 7], "texture": "#0"},
				"up": {"uv": [4, 6, 3, 5], "texture": "#0"},
				"down": {"uv": [6, 3.5, 5, 4.5], "texture": "#0"}
			}
		},
		{
			"from": [6.7, 0.05, 9],
			"to": [9.3, 0.9, 9.5],
			"rotation": {"angle": 0, "axis": "y", "origin": [8, 0.375, 14.125]},
			"faces": {
				"north": {"uv": [6, 3.5, 7.5, 4], "texture": "#0"},
				"east": {"uv": [8.5, 3, 9, 3.5], "texture": "#0"},
				"south": {"uv": [6, 4, 7.5, 4.5], "texture": "#0"},
				"west": {"uv": [8.5, 3.5, 9, 4], "texture": "#0"},
				"up": {"uv": [7.5, 6, 6, 5.5], "texture": "#0"},
				"down": {"uv": [7.5, 6, 6, 6.5], "texture": "#0"}
			}
		},
		{
			"from": [7, 0.05, 9.5],
			"to": [9, 0.9, 11],
			"rotation": {"angle": 0, "axis": "y", "origin": [8, 0.375, 14.625]},
			"faces": {
				"north": {"uv": [7, 7, 8, 7.5], "texture": "#0"},
				"east": {"uv": [0, 7.5, 1, 8], "texture": "#0"},
				"south": {"uv": [1, 7.5, 2, 8], "texture": "#0"},
				"west": {"uv": [2, 7.5, 3, 8], "texture": "#0"},
				"up": {"uv": [6.5, 2, 5.5, 1], "texture": "#0"},
				"down": {"uv": [6.5, 2, 5.5, 3], "texture": "#0"}
			}
		},
		{
			"from": [6.85, -0.35, 11],
			"to": [9.15, 1.3, 11.5],
			"rotation": {"angle": 0, "axis": "y", "origin": [8, 0.875, 14.625]},
			"faces": {
				"north": {"uv": [4, 5.5, 5, 6.5], "texture": "#0"},
				"east": {"uv": [3, 7.5, 3.5, 8.5], "texture": "#0"},
				"south": {"uv": [5.5, 4.5, 6.5, 5.5], "texture": "#0"},
				"west": {"uv": [7.5, 3, 8, 4], "texture": "#0"},
				"up": {"uv": [4.5, 8, 3.5, 7.5], "texture": "#0"},
				"down": {"uv": [8.5, 4, 7.5, 4.5], "texture": "#0"}
			}
		},
		{
			"from": [7.05, -0.35, 11.75],
			"to": [8.95, 1.3, 12.25],
			"rotation": {"angle": 0, "axis": "y", "origin": [8, 0.875, 14.625]},
			"faces": {
				"north": {"uv": [5, 5.5, 6, 6.5], "texture": "#0"},
				"east": {"uv": [4.5, 7.5, 5, 8.5], "texture": "#0"},
				"south": {"uv": [0, 6, 1, 7], "texture": "#0"},
				"west": {"uv": [7.5, 4.5, 8, 5.5], "texture": "#0"},
				"up": {"uv": [6, 8, 5, 7.5], "texture": "#0"},
				"down": {"uv": [8.5, 5.5, 7.5, 6], "texture": "#0"}
			}
		},
		{
			"from": [7.3, -0.1, 17.9],
			"to": [8.7, 1.05, 18.6],
			"rotation": {"angle": 0, "axis": "y", "origin": [8, 0.875, 14.625]},
			"faces": {
				"north": {"uv": [8.5, 4, 9, 4.5], "texture": "#0"},
				"east": {"uv": [4.5, 8.5, 5, 9], "texture": "#0"},
				"south": {"uv": [5, 8.5, 5.5, 9], "texture": "#0"},
				"west": {"uv": [5.5, 8.5, 6, 9], "texture": "#0"},
				"up": {"uv": [9, 6, 8.5, 5.5], "texture": "#0"},
				"down": {"uv": [6.5, 8.5, 6, 9], "texture": "#0"}
			}
		},
		{
			"from": [7.45, 0.05, 18.6],
			"to": [8.55, 0.9, 19.3],
			"rotation": {"angle": 0, "axis": "y", "origin": [8, 0.875, 14.625]},
			"faces": {
				"north": {"uv": [8.5, 6, 9, 6.5], "texture": "#0"},
				"east": {"uv": [6.5, 8.5, 7, 9], "texture": "#0"},
				"south": {"uv": [8.5, 6.5, 9, 7], "texture": "#0"},
				"west": {"uv": [7, 8.5, 7.5, 9], "texture": "#0"},
				"up": {"uv": [9, 7.5, 8.5, 7], "texture": "#0"},
				"down": {"uv": [8, 8.5, 7.5, 9], "texture": "#0"}
			}
		},
		{
			"from": [6.8, -0.6, 17.05],
			"to": [9.2, 1.55, 17.95],
			"rotation": {"angle": 0, "axis": "y", "origin": [8, 0.875, 14.625]},
			"faces": {
				"north": {"uv": [1, 6, 2, 7], "texture": "#0"},
				"east": {"uv": [6, 7.5, 6.5, 8.5], "texture": "#0"},
				"south": {"uv": [2, 6, 3, 7], "texture": "#0"},
				"west": {"uv": [6.5, 7.5, 7, 8.5], "texture": "#0"},
				"up": {"uv": [8.5, 6.5, 7.5, 6], "texture": "#0"},
				"down": {"uv": [8, 7.5, 7, 8], "texture": "#0"}
			}
		},
		{
			"from": [6.6, -0.6, 11.25],
			"to": [9.4, 1.55, 12],
			"rotation": {"angle": 0, "axis": "y", "origin": [8, 0.875, 14.625]},
			"faces": {
				"north": {"uv": [2, 3.5, 3.5, 4.5], "texture": "#0"},
				"east": {"uv": [0, 8, 0.5, 9], "texture": "#0"},
				"south": {"uv": [3.5, 3.5, 5, 4.5], "texture": "#0"},
				"west": {"uv": [8, 0, 8.5, 1], "texture": "#0"},
				"up": {"uv": [8, 1.5, 6.5, 1], "texture": "#0"},
				"down": {"uv": [8, 1.5, 6.5, 2], "texture": "#0"}
			}
		},
		{
			"from": [8.101, 0.051, 10.101],
			"to": [9.519, 0.899, 11.149],
			"rotation": {"angle": -45, "axis": "y", "origin": [9.56, 0.475, 10.5]},
			"faces": {
				"north": {"uv": [8, 8.5, 8.5, 9], "texture": "#0"},
				"east": {"uv": [8.5, 8.5, 9, 9], "texture": "#0"},
				"south": {"uv": [0, 9, 0.5, 9.5], "texture": "#0"},
				"west": {"uv": [0.5, 9, 1, 9.5], "texture": "#0"},
				"up": {"uv": [1.5, 9.5, 1, 9], "texture": "#0"},
				"down": {"uv": [9.5, 1, 9, 1.5], "texture": "#0"}
			}
		},
		{
			"from": [9.5, 0.05, 10.2],
			"to": [10.77, 0.9, 10.95],
			"rotation": {"angle": -45, "axis": "y", "origin": [9.56, 0.475, 10.5]},
			"faces": {
				"north": {"uv": [1.5, 9, 2, 9.5], "texture": "#0"},
				"east": {"uv": [2, 9, 2.5, 9.5], "texture": "#0"},
				"south": {"uv": [2.5, 9, 3, 9.5], "texture": "#0"},
				"west": {"uv": [9, 2.5, 9.5, 3], "texture": "#0"},
				"up": {"uv": [3.5, 9.5, 3, 9], "texture": "#0"},
				"down": {"uv": [9.5, 3, 9, 3.5], "texture": "#0"}
			}
		},
		{
			"from": [10.20524, 0.151, 11.26557],
			"to": [10.75324, 0.799, 12.03357],
			"rotation": {"angle": 22.5, "axis": "y", "origin": [10.47924, 0.475, 11.94957]},
			"faces": {
				"north": {"uv": [3.5, 9, 4, 9.5], "texture": "#0"},
				"east": {"uv": [9, 3.5, 9.5, 4], "texture": "#0"},
				"south": {"uv": [4, 9, 4.5, 9.5], "texture": "#0"},
				"west": {"uv": [9, 4, 9.5, 4.5], "texture": "#0"},
				"up": {"uv": [5, 9.5, 4.5, 9], "texture": "#0"},
				"down": {"uv": [9.5, 4.5, 9, 5], "texture": "#0"}
			}
		},
		{
			"from": [9.50723, 0.151, 9.33901],
			"to": [10.35523, 0.799, 10.75701],
			"rotation": {"angle": -22.5, "axis": "y", "origin": [9.93123, 0.475, 11.04801]},
			"faces": {
				"north": {"uv": [5, 9, 5.5, 9.5], "texture": "#0"},
				"east": {"uv": [9, 5, 9.5, 5.5], "texture": "#0"},
				"south": {"uv": [5.5, 9, 6, 9.5], "texture": "#0"},
				"west": {"uv": [9, 5.5, 9.5, 6], "texture": "#0"},
				"up": {"uv": [6.5, 9.5, 6, 9], "texture": "#0"},
				"down": {"uv": [9.5, 6, 9, 6.5], "texture": "#0"}
			}
		},
		{
			"from": [10.50923, 0.153, 9.24101],
			"to": [11.35323, 0.797, 10.40501],
			"rotation": {"angle": 0, "axis": "y", "origin": [9.93123, 0.475, 11.04801]},
			"faces": {
				"north": {"uv": [6.5, 9, 7, 9.5], "texture": "#0"},
				"east": {"uv": [9, 6.5, 9.5, 7], "texture": "#0"},
				"south": {"uv": [7, 9, 7.5, 9.5], "texture": "#0"},
				"west": {"uv": [9, 7, 9.5, 7.5], "texture": "#0"},
				"up": {"uv": [8, 9.5, 7.5, 9], "texture": "#0"},
				"down": {"uv": [9.5, 7.5, 9, 8], "texture": "#0"}
			}
		},
		{
			"from": [9.75823, 0.152, 8.34001],
			"to": [10.60423, 0.798, 10.75601],
			"rotation": {"angle": -45, "axis": "y", "origin": [9.93123, 0.475, 11.04801]},
			"faces": {
				"north": {"uv": [8, 9, 8.5, 9.5], "texture": "#0"},
				"east": {"uv": [0.5, 8, 1.5, 8.5], "texture": "#0"},
				"south": {"uv": [9, 8, 9.5, 8.5], "texture": "#0"},
				"west": {"uv": [8, 1, 9, 1.5], "texture": "#0"},
				"up": {"uv": [2, 9, 1.5, 8], "texture": "#0"},
				"down": {"uv": [8.5, 1.5, 8, 2.5], "texture": "#0"}
			}
		},
		{
			"from": [6.69, 0.05, 8],
			"to": [7.51, 0.9, 9],
			"rotation": {"angle": 0, "axis": "y", "origin": [8, 0.375, 12.125]},
			"faces": {
				"north": {"uv": [8.5, 9, 8.91, 9.425], "texture": "#0"},
				"east": {"uv": [2.125, 8, 2.625, 8.425], "texture": "#0"},
				"south": {"uv": [9, 8.5, 9.41, 8.925], "texture": "#0"},
				"west": {"uv": [8.375, 2.5, 8.875, 2.925], "texture": "#0"},
				"up": {"uv": [8.41, 3.625, 8, 3.125], "texture": "#0"},
				"down": {"uv": [3.91, 8.125, 3.5, 8.625], "texture": "#0"}
			}
		},
		{
			"from": [8.49, 0.05, 8],
			"to": [9.31, 0.9, 9],
			"rotation": {"angle": 0, "axis": "y", "origin": [8, 0.375, 12.125]},
			"faces": {
				"north": {"uv": [9, 9, 9.41, 9.425], "texture": "#0"},
				"east": {"uv": [8.125, 4.5, 8.625, 4.925], "texture": "#0"},
				"south": {"uv": [0, 9.5, 0.41, 9.925], "texture": "#0"},
				"west": {"uv": [5.375, 8, 5.875, 8.425], "texture": "#0"},
				"up": {"uv": [4.41, 8.625, 4, 8.125], "texture": "#0"},
				"down": {"uv": [8.41, 6.625, 8, 7.125], "texture": "#0"}
			}
		},
		{
			"from": [6.64, 0.25, 5],
			"to": [9.36, 0.7, 6.5],
			"rotation": {"angle": 0, "axis": "y", "origin": [8, 0.375, 10.375]},
			"faces": {
				"north": {"uv": [6.5, 2, 8, 2.5], "texture": "#0"},
				"east": {"uv": [8, 5, 9, 5.5], "texture": "#0"},
				"south": {"uv": [6.5, 2.5, 8, 3], "texture": "#0"},
				"west": {"uv": [7, 8, 8, 8.5], "texture": "#0"},
				"up": {"uv": [1.5, 2, 0, 1], "texture": "#0"},
				"down": {"uv": [1.5, 2, 0, 3], "texture": "#0"}
			}
		},
		{
			"from": [6.89, 0.25, 6.5],
			"to": [9.11, 0.7, 7],
			"rotation": {"angle": 0, "axis": "y", "origin": [8, 0.375, 10.375]},
			"faces": {
				"north": {"uv": [8, 7.5, 9, 8], "texture": "#0"},
				"east": {"uv": [9.5, 0, 10, 0.5], "texture": "#0"},
				"south": {"uv": [8, 8, 9, 8.5], "texture": "#0"},
				"west": {"uv": [0.5, 9.5, 1, 10], "texture": "#0"},
				"up": {"uv": [9.5, 0.5, 8.5, 0], "texture": "#0"},
				"down": {"uv": [1.5, 8.5, 0.5, 9], "texture": "#0"}
			}
		},
		{
			"from": [6.89, 0.25, 4.5],
			"to": [9.11, 0.7, 5],
			"rotation": {"angle": 0, "axis": "y", "origin": [8, 0.375, 8.625]},
			"faces": {
				"north": {"uv": [8.5, 0.5, 9.5, 1], "texture": "#0"},
				"east": {"uv": [9.5, 0.5, 10, 1], "texture": "#0"},
				"south": {"uv": [8.5, 1.5, 9.5, 2], "texture": "#0"},
				"west": {"uv": [1, 9.5, 1.5, 10], "texture": "#0"},
				"up": {"uv": [3, 9, 2, 8.5], "texture": "#0"},
				"down": {"uv": [9.5, 2, 8.5, 2.5], "texture": "#0"}
			}
		},
		{
			"from": [6.989, 0.699, 5.099],
			"to": [9.011, 0.701, 6.401],
			"rotation": {"angle": 0, "axis": "y", "origin": [8, 0.375, 8.625]},
			"faces": {
				"north": {"uv": [8.5, 0.5, 9.5, 1], "texture": "#0"},
				"east": {"uv": [9.5, 0.5, 10, 1], "texture": "#0"},
				"south": {"uv": [8.5, 1.5, 9.5, 2], "texture": "#0"},
				"west": {"uv": [1, 9.5, 1.5, 10], "texture": "#0"},
				"up": {"uv": [9.985, 16, 8.5, 15], "rotation": 180, "texture": "#0"},
				"down": {"uv": [11.5, 14, 8.5, 16], "texture": "#0"}
			}
		},
		{
			"from": [6.989, 0.249, 5.099],
			"to": [9.011, 0.251, 6.401],
			"rotation": {"angle": 0, "axis": "y", "origin": [8, 0.375, 8.625]},
			"faces": {
				"north": {"uv": [8.5, 0.5, 9.5, 1], "texture": "#0"},
				"east": {"uv": [9.5, 0.5, 10, 1], "texture": "#0"},
				"south": {"uv": [8.5, 1.5, 9.5, 2], "texture": "#0"},
				"west": {"uv": [1, 9.5, 1.5, 10], "texture": "#0"},
				"up": {"uv": [11.61, 16, 8.5, 14], "rotation": 180, "texture": "#0"},
				"down": {"uv": [8.5, 16, 10, 15], "texture": "#0"}
			}
		},
		{
			"from": [0.5151, 0.251, -7.8599],
			"to": [1.8731, 0.699, -6.5019],
			"rotation": {"angle": -45, "axis": "y", "origin": [8, 0.375, -0.375]},
			"faces": {
				"north": {"uv": [11, 5, 11.5, 5.5], "texture": "#0"},
				"east": {"uv": [6, 10.5, 6.5, 11], "texture": "#0"},
				"south": {"uv": [11, 5.5, 11.5, 6], "texture": "#0"},
				"west": {"uv": [6.5, 10.5, 7, 11], "texture": "#0"},
				"up": {"uv": [11.5, 6.5, 11, 6], "texture": "#0"},
				"down": {"uv": [7.5, 10.5, 7, 11], "texture": "#0"}
			}
		},
		{
			"from": [6.481, 0.051, 10.101],
			"to": [7.899, 0.899, 11.149],
			"rotation": {"angle": 45, "axis": "y", "origin": [6.44, 0.475, 10.5]},
			"faces": {
				"north": {"uv": [9.5, 5.5, 10, 6], "texture": "#0"},
				"east": {"uv": [6, 9.5, 6.5, 10], "texture": "#0"},
				"south": {"uv": [9.5, 6, 10, 6.5], "texture": "#0"},
				"west": {"uv": [6.5, 9.5, 7, 10], "texture": "#0"},
				"up": {"uv": [10, 7, 9.5, 6.5], "texture": "#0"},
				"down": {"uv": [7.5, 9.5, 7, 10], "texture": "#0"}
			}
		},
		{
			"from": [5.23, 0.05, 10.2],
			"to": [6.5, 0.9, 10.95],
			"rotation": {"angle": 45, "axis": "y", "origin": [6.44, 0.475, 10.5]},
			"faces": {
				"north": {"uv": [9.5, 7, 10, 7.5], "texture": "#0"},
				"east": {"uv": [7.5, 9.5, 8, 10], "texture": "#0"},
				"south": {"uv": [9.5, 7.5, 10, 8], "texture": "#0"},
				"west": {"uv": [8, 9.5, 8.5, 10], "texture": "#0"},
				"up": {"uv": [10, 8.5, 9.5, 8], "texture": "#0"},
				"down": {"uv": [9, 9.5, 8.5, 10], "texture": "#0"}
			}
		},
		{
			"from": [5.39577, 0.152, 8.34001],
			"to": [6.24177, 0.798, 10.75601],
			"rotation": {"angle": 45, "axis": "y", "origin": [6.06877, 0.475, 11.04801]},
			"faces": {
				"north": {"uv": [4, 5, 4.5, 5.5], "texture": "#0"},
				"east": {"uv": [3, 6, 4, 6.5], "texture": "#0"},
				"south": {"uv": [3, 8.5, 3.5, 9], "texture": "#0"},
				"west": {"uv": [3, 6.5, 4, 7], "texture": "#0"},
				"up": {"uv": [4.5, 7.5, 4, 6.5], "texture": "#0"},
				"down": {"uv": [5, 6.5, 4.5, 7.5], "texture": "#0"}
			}
		},
		{
			"from": [4.64677, 0.153, 9.24101],
			"to": [5.49077, 0.797, 10.40501],
			"rotation": {"angle": 0, "axis": "y", "origin": [6.06877, 0.475, 11.04801]},
			"faces": {
				"north": {"uv": [9.5, 8.5, 10, 9], "texture": "#0"},
				"east": {"uv": [9, 9.5, 9.5, 10], "texture": "#0"},
				"south": {"uv": [9.5, 9, 10, 9.5], "texture": "#0"},
				"west": {"uv": [9.5, 9.5, 10, 10], "texture": "#0"},
				"up": {"uv": [0.5, 10.5, 0, 10], "texture": "#0"},
				"down": {"uv": [10.5, 0, 10, 0.5], "texture": "#0"}
			}
		},
		{
			"from": [5.24676, 0.151, 11.26557],
			"to": [5.79476, 0.799, 12.03357],
			"rotation": {"angle": -22.5, "axis": "y", "origin": [5.52076, 0.475, 11.94957]},
			"faces": {
				"north": {"uv": [0.5, 10, 1, 10.5], "texture": "#0"},
				"east": {"uv": [10, 0.5, 10.5, 1], "texture": "#0"},
				"south": {"uv": [1, 10, 1.5, 10.5], "texture": "#0"},
				"west": {"uv": [10, 1, 10.5, 1.5], "texture": "#0"},
				"up": {"uv": [2, 10.5, 1.5, 10], "texture": "#0"},
				"down": {"uv": [10.5, 1.5, 10, 2], "texture": "#0"}
			}
		},
		{
			"from": [5.64477, 0.151, 9.33901],
			"to": [6.49277, 0.799, 10.75701],
			"rotation": {"angle": 22.5, "axis": "y", "origin": [6.06877, 0.475, 11.04801]},
			"faces": {
				"north": {"uv": [2, 10, 2.5, 10.5], "texture": "#0"},
				"east": {"uv": [10, 2, 10.5, 2.5], "texture": "#0"},
				"south": {"uv": [2.5, 10, 3, 10.5], "texture": "#0"},
				"west": {"uv": [10, 2.5, 10.5, 3], "texture": "#0"},
				"up": {"uv": [3.5, 10.5, 3, 10], "texture": "#0"},
				"down": {"uv": [10.5, 3, 10, 3.5], "texture": "#0"}
			}
		},
		{
			"from": [7.12, -0.63, 9.75],
			"to": [8.37, 0.37, 10.75],
			"rotation": {"angle": 45, "axis": "z", "origin": [7.12, 0.37, 10]},
			"faces": {
				"north": {"uv": [3.5, 10, 4, 10.5], "texture": "#0"},
				"east": {"uv": [10, 3.5, 10.5, 4], "texture": "#0"},
				"south": {"uv": [4, 10, 4.5, 10.5], "texture": "#0"},
				"west": {"uv": [10, 4, 10.5, 4.5], "texture": "#0"},
				"up": {"uv": [5, 10.5, 4.5, 10], "texture": "#0"},
				"down": {"uv": [10.5, 4.5, 10, 5], "texture": "#0"}
			}
		}
	],
	"gui_light": "front",
	"display": {
		"thirdperson_righthand": {
			"rotation": [90, 0, 90],
			"translation": [-7.5, 4.5, 1]
		},
		"thirdperson_lefthand": {
			"rotation": [90, 0, -90],
			"translation": [7.5, 4.5, 1]
		},
		"firstperson_righthand": {
			"rotation": [109.84, -2.58, 82.95],
			"translation": [-7.25, 5.5, 5.5],
			"scale": [0.44, 0.44, 0.44]
		},
		"firstperson_lefthand": {
			"rotation": [109.84, -2.58, 82.95],
			"translation": [-7.25, 5.5, 5.5],
			"scale": [0.44, 0.44, 0.44]
		},
		"ground": {
			"rotation": [90, 45, 0],
			"translation": [0, 1.75, 5],
			"scale": [0.66, 0.66, 0.66]
		},
		"gui": {
			"rotation": [90, -45, 0],
			"translation": [-1.75, -1.75, 0],
			"scale": [0.73, 0.73, 0.73]
		},
		"head": {
			"rotation": [-90, 0, 0],
			"translation": [0.25, 24.75, -7.5]
		},
		"fixed": {
			"rotation": [90, 45, 0],
			"translation": [2, -2, 5],
			"scale": [0.8, 0.8, 0.8]
		}
	},
	"groups": [
		{
			"name": "group",
			"origin": [11.23, 0.625, 10.48],
			"color": 0,
			"nbt": "{}",
			"children": [0, 1, 2, 3, 4, 5, 6, 7, 8, 9, 10, 11, 12, 13, 14, 15, 16, 17, 18, 19, 20, 21, 22, 23, 24]
		},
		{
			"name": "group",
			"origin": [4.77, 0.625, 10.48],
			"color": 0,
			"nbt": "{}",
			"children": [25, 26, 27, 28, 29, 30, 31, 32]
		}
	]
}